image_id,member
1,UAV-OBB/train/images/1000031605_frame_026_jpg.rf.1d37903f52516dd3a3abc682eab8ee1e.jpg
2,UAV-OBB/train/images/1000031605_frame_026_jpg.rf.c4da015bb857b0d455383309050552d0.jpg
3,UAV-OBB/train/images/1000031605_frame_026_jpg.rf.de275d70e54e96b7e849956950a661a6.jpg
4,UAV-OBB/train/images/1000031805_frame_011_jpg.rf.37a3808f678a7ea592ab0ce87c29f9ae.jpg
5,UAV-OBB/train/images/1000031805_frame_011_jpg.rf.a8b1d8e27173cf4944769ece2998262c.jpg
6,UAV-OBB/train/images/1000031805_frame_011_jpg.rf.dc7cae70bf67e8d073b446ffc3e4957e.jpg
7,UAV-OBB/train/images/1000031805_frame_040_jpg.rf.0a2cb96dd8f4ec89c938e5399ba7d7a5.jpg
8,UAV-OBB/train/images/1000031805_frame_040_jpg.rf.ad72975da1006ccf4d51af8ed1753589.jpg
9,UAV-OBB/train/images/1000031805_frame_040_jpg.rf.fee75de397e4b8242002fda98159a41f.jpg
10,UAV-OBB/train/images/1000031805_frame_047_jpg.rf.8b2cb4b9e3b70d4e77bb424134d235ee.jpg
11,UAV-OBB/train/images/1000031805_frame_047_jpg.rf.ce5bd6aadcbe2f4290f24c2ffd887e85.jpg
12,UAV-OBB/train/images/1000031805_frame_047_jpg.rf.ef5a65193ea558b3201319d945ff9a97.jpg
13,UAV-OBB/train/images/1000031805_frame_048_jpg.rf.0d5f75c10c6980c65cb6844a068f4b6a.jpg
14,UAV-OBB/train/images/1000031805_frame_048_jpg.rf.540fc4adc055cac3025b295ca1cbbe5c.jpg
15,UAV-OBB/train/images/1000031805_frame_048_jpg.rf.b358cbba86cca98f6f3bfd136614af70.jpg
16,UAV-OBB/train/images/1000031806_frame_005_jpg.rf.66b1ea2f6ebdfa7e329d3e59f508d96e.jpg
17,UAV-OBB/train/images/1000031806_frame_005_jpg.rf.c15276f7713be94e4376628292c185e8.jpg
18,UAV-OBB/train/images/1000031806_frame_005_jpg.rf.d7e3808fae53e1bdb99bc310deeaeb0b.jpg
19,UAV-OBB/train/images/1000031808_frame_005_jpg.rf.10329ab4aaa9a763f4110ec8e0c66b8a.jpg
20,UAV-OBB/train/images/1000031808_frame_005_jpg.rf.5962a1a56552c9a80b5bb0978400d906.jpg
21,UAV-OBB/train/images/1000031808_frame_005_jpg.rf.a8d69a81469560ea27d45891300a3c19.jpg
22,UAV-OBB/train/images/1000031808_frame_021_jpg.rf.4cc168f4bf939c7463880ed2d5171d11.jpg
23,UAV-OBB/train/images/1000031808_frame_021_jpg.rf.9f2a8557dfa55ddb2f4a85283f408811.jpg
24,UAV-OBB/train/images/1000031808_frame_021_jpg.rf.f5545ee8c9bf002e73c1c1aa5d84501d.jpg
25,UAV-OBB/train/images/1000031808_frame_023_jpg.rf.039a17d5b1550d3ed0566a999964d753.jpg
26,UAV-OBB/train/images/1000031808_frame_023_jpg.rf.3558f1dfc054479e888b26ba2bb37202.jpg
27,UAV-OBB/train/images/1000031808_frame_023_jpg.rf.f778f58de7d3118166273f147094ff02.jpg
28,UAV-OBB/train/images/1000031808_frame_025_jpg.rf.167693762fad912a3960413a70f075fa.jpg
29,UAV-OBB/train/images/1000031808_frame_025_jpg.rf.aa42d6f3bad9ec88f78809fd918e2f7e.jpg
30,UAV-OBB/train/images/1000031808_frame_025_jpg.rf.cb3429640c75f8b5eac5f6cc639748e9.jpg
31,UAV-OBB/train/images/DJI_20260303194434_0207_D-M4v_frame_019_jpg.rf.0c67208b913c6009f26dfccfe06fa9b0.jpg
32,UAV-OBB/train/images/DJI_20260303194434_0207_D-M4v_frame_019_jpg.rf.2faeda466efcd00e7ebc29815e143a91.jpg
33,UAV-OBB/train/images/DJI_20260303194434_0207_D-M4v_frame_019_jpg.rf.dc032efb1fc0044212e37c82edf19066.jpg
34,UAV-OBB/train/images/DJI_20260303194434_0207_D-M4v_frame_020_jpg.rf.13d28a0fc37e37b2b8be4e66ec07fdf4.jpg
35,UAV-OBB/train/images/DJI_20260303194434_0207_D-M4v_frame_020_jpg.rf.1a666a7ead883522fb2956047a550bac.jpg
36,UAV-OBB/train/images/DJI_20260303194434_0207_D-M4v_frame_020_jpg.rf.38ffb7701cca8abb198db94155c236ca.jpg
37,UAV-OBB/train/images/frame_000000_jpg.rf.4056e9799d2e4f1ea0e489dbf5a53852.jpg
38,UAV-OBB/train/images/frame_000000_jpg.rf.6ae555aa51d4207c6c1b18f862b5466d.jpg
39,UAV-OBB/train/images/frame_000000_jpg.rf.a63185c8afb3d1a640045c031181bcac.jpg
40,UAV-OBB/train/images/frame_000001_jpg.rf.04ea21186d6edae3e6de59b67a011d97.jpg
41,UAV-OBB/train/images/frame_000001_jpg.rf.10f1dc783f0a39f77f0cbb44867ccb28.jpg
42,UAV-OBB/train/images/frame_000001_jpg.rf.13a3f3061649f4f4f610546c40a8a6d9.jpg
43,UAV-OBB/train/images/frame_000001_jpg.rf.261c5c36b265af557fc498765ceb0333.jpg
44,UAV-OBB/train/images/frame_000001_jpg.rf.26b008d3474d0c9aaab0fd95f6096c18.jpg
45,UAV-OBB/train/images/frame_000001_jpg.rf.4194d48a4dc0f22a70ead9eca96ff290.jpg
46,UAV-OBB/train/images/frame_000001_jpg.rf.67bf4d150afd650a26eb447c413e8f6c.jpg
47,UAV-OBB/train/images/frame_000001_jpg.rf.6c751242501b8a7652b6f10810a10d98.jpg
48,UAV-OBB/train/images/frame_000001_jpg.rf.89f7fce49010eee27b297d42469976e0.jpg
49,UAV-OBB/train/images/frame_000001_jpg.rf.9977cdd1cafe754d7fdaaaaddb6a1728.jpg
50,UAV-OBB/train/images/frame_000001_jpg.rf.9c37eae40d08d21d0c6242de48cf1a74.jpg
51,UAV-OBB/train/images/frame_000001_jpg.rf.ba1f1435ac5657c86fc27d6567422185.jpg
52,UAV-OBB/train/images/frame_000002_jpg.rf.00f256e69aa5da6e974c58eb25af3fca.jpg
53,UAV-OBB/train/images/frame_000002_jpg.rf.05c7c390ef07fee45f1f17c0060c603c.jpg
54,UAV-OBB/train/images/frame_000002_jpg.rf.0832c2735d31ddb58f72410d12f8fe62.jpg
55,UAV-OBB/train/images/frame_000002_jpg.rf.09183b5a0b5530129f719421238d2ad4.jpg
56,UAV-OBB/train/images/frame_000002_jpg.rf.2cb257deb612ed1b96ead4161f5a55cc.jpg
57,UAV-OBB/train/images/frame_000002_jpg.rf.4d1cbcda28c4489cf06ecf4477c55276.jpg
58,UAV-OBB/train/images/frame_000002_jpg.rf.80986a3a1971d513203db4d144df5863.jpg
59,UAV-OBB/train/images/frame_000002_jpg.rf.98459c4fcff772a9c40dd9d2c6f61d73.jpg
60,UAV-OBB/train/images/frame_000002_jpg.rf.a8b50a43846f62fd0beb2953d132512c.jpg
61,UAV-OBB/train/images/frame_000002_jpg.rf.ea4c7622b2ae0e865470f26004d4aad3.jpg
62,UAV-OBB/train/images/frame_000002_jpg.rf.f37328de1a25d43488e6b784c97e42bb.jpg
63,UAV-OBB/train/images/frame_000002_jpg.rf.fb9c93e55fbdf0f9a977c56a840cf5bb.jpg
64,UAV-OBB/train/images/frame_000003_jpg.rf.24cc06b26c09fb11aeeae5af283c9347.jpg
65,UAV-OBB/train/images/frame_000003_jpg.rf.2600c0d6d1bac485de177d5301e9cf48.jpg
66,UAV-OBB/train/images/frame_000003_jpg.rf.3b72e1cbbd731cf8be85a68f837eeeb9.jpg
67,UAV-OBB/train/images/frame_000003_jpg.rf.5260a576b78f29f6b96c722be918958c.jpg
68,UAV-OBB/train/images/frame_000003_jpg.rf.54c34b48ac6d8f5998fa7535d11ae468.jpg
69,UAV-OBB/train/images/frame_000003_jpg.rf.7e0a1374ad7313e5db21411701b3d1b5.jpg
70,UAV-OBB/train/images/frame_000003_jpg.rf.a38459dd76c8f72e159abfc45d704cba.jpg
71,UAV-OBB/train/images/frame_000003_jpg.rf.d9d4ddfc5d60f70d9e8b81c3a93d29bb.jpg
72,UAV-OBB/train/images/frame_000003_jpg.rf.e08943677afd577f8236488520269757.jpg
73,UAV-OBB/train/images/frame_000004_jpg.rf.072988c7e26f11567f71d46f4c96f10b.jpg
74,UAV-OBB/train/images/frame_000004_jpg.rf.1b68615a4f9f4b3b12256a06de5e012b.jpg
75,UAV-OBB/train/images/frame_000004_jpg.rf.373e7f4f7e3569de442c28d33f87c710.jpg
76,UAV-OBB/train/images/frame_000004_jpg.rf.3a713bd8d21a76ad821f674d8d8acd55.jpg
77,UAV-OBB/train/images/frame_000004_jpg.rf.573326d5ed706761386fd4f0f4c54b2f.jpg
78,UAV-OBB/train/images/frame_000004_jpg.rf.9061ce1180c6375819977516af56719f.jpg
79,UAV-OBB/train/images/frame_000004_jpg.rf.938768df60d12413fb738310cd6ab2cc.jpg
80,UAV-OBB/train/images/frame_000004_jpg.rf.d6c4edb5e8928ad8151c11a9b6b464b4.jpg
81,UAV-OBB/train/images/frame_000004_jpg.rf.df90d089692801ad19f772a1b9eb8d1e.jpg
82,UAV-OBB/train/images/frame_000005_jpg.rf.3cfa7c0f5a58e92e233e4c1b0007a23c.jpg
83,UAV-OBB/train/images/frame_000005_jpg.rf.749c86c2510fcbda5e58405c948ea162.jpg
84,UAV-OBB/train/images/frame_000005_jpg.rf.792f07ee469b1ce06a2e020ffa7a1a51.jpg
85,UAV-OBB/train/images/frame_000005_jpg.rf.8d559647308d826f7567ca99dde2c992.jpg
86,UAV-OBB/train/images/frame_000005_jpg.rf.90907b65ca9424afe9bb9d1ee909e91a.jpg
87,UAV-OBB/train/images/frame_000005_jpg.rf.9913482298999c91c0318c1a6c2c4270.jpg
88,UAV-OBB/train/images/frame_000005_jpg.rf.ae6aa0609131e03f23204a0a55f8fc3d.jpg
89,UAV-OBB/train/images/frame_000005_jpg.rf.b044170f788c4384bd937adeaa640c0f.jpg
90,UAV-OBB/train/images/frame_000005_jpg.rf.d9e9de35122ed4bbe8e6cfc13cde7ccf.jpg
91,UAV-OBB/train/images/frame_000006_jpg.rf.06c7bfa2b5619f7dea65498dc6c4aec6.jpg
92,UAV-OBB/train/images/frame_000006_jpg.rf.6ee21e8ec398c02a80529ed349741423.jpg
93,UAV-OBB/train/images/frame_000006_jpg.rf.d4605323ab79caef144c41377c46fb2c.jpg
94,UAV-OBB/train/images/frame_000007_jpg.rf.09a74cdcf5fc44422ad99ba93cc25455.jpg
95,UAV-OBB/train/images/frame_000007_jpg.rf.3d39270e9e8e168ee4c4bcd2dbcf72ef.jpg
96,UAV-OBB/train/images/frame_000007_jpg.rf.48e9b54cbf4683b0dc6764de07a25457.jpg
97,UAV-OBB/train/images/frame_000007_jpg.rf.581f2adbd6c07f6c82e14a3fefe22920.jpg
98,UAV-OBB/train/images/frame_000007_jpg.rf.9986f36b1a86c547d58c84c324f662e3.jpg
99,UAV-OBB/train/images/frame_000007_jpg.rf.a5d6237261ec7bb61acdee2b53691470.jpg
100,UAV-OBB/train/images/frame_000008_jpg.rf.08a11b49eabc2048d66e5f90290262be.jpg
101,UAV-OBB/train/images/frame_000008_jpg.rf.0cbdaebcfb2e700e8f531887123a5e6a.jpg
102,UAV-OBB/train/images/frame_000008_jpg.rf.4090fa101ca9cc0987f815b0b3b54cd4.jpg
103,UAV-OBB/train/images/frame_000008_jpg.rf.5dfe1a5c91046fd4600104c726de1e23.jpg
104,UAV-OBB/train/images/frame_000008_jpg.rf.6305abeca68e55ccfea4fa35c2eea0bb.jpg
105,UAV-OBB/train/images/frame_000008_jpg.rf.6513a7c770536d8703b4531f49e59934.jpg
106,UAV-OBB/train/images/frame_000008_jpg.rf.6bf0c353ad96534942e31d0eec283dcc.jpg
107,UAV-OBB/train/images/frame_000008_jpg.rf.96923d4b65fb4a95729257e168c9001c.jpg
108,UAV-OBB/train/images/frame_000008_jpg.rf.98c5273772071415aeb650571aa89e42.jpg
109,UAV-OBB/train/images/frame_000008_jpg.rf.9b47999f3f83e158f6649597b79b54f2.jpg
110,UAV-OBB/train/images/frame_000008_jpg.rf.c02a9cdc61661aa4f515692f704c0fa6.jpg
111,UAV-OBB/train/images/frame_000008_jpg.rf.d2903b20bbc9554ed867ce88eaa18580.jpg
112,UAV-OBB/train/images/frame_000008_jpg.rf.e56fd4dd9f5615f64faeef459b173063.jpg
113,UAV-OBB/train/images/frame_000008_jpg.rf.ea24693b9b1f8850084b94944e4b09a7.jpg
114,UAV-OBB/train/images/frame_000008_jpg.rf.f6a81ede501b2a2fd84cd5f2859384f1.jpg
115,UAV-OBB/train/images/frame_000009_jpg.rf.0c8a1757995e0a5db6316f63c1bba54f.jpg
116,UAV-OBB/train/images/frame_000009_jpg.rf.0ebc914903e280b1473169267c5f53cd.jpg
117,UAV-OBB/train/images/frame_000009_jpg.rf.139dda9caff2983867e4bf6900d523d3.jpg
118,UAV-OBB/train/images/frame_000009_jpg.rf.21014f4f11ad9cf68d5d479996c07d72.jpg
119,UAV-OBB/train/images/frame_000009_jpg.rf.38667fe26d0cbf6e74f2cb0b7ce9e0bd.jpg
120,UAV-OBB/train/images/frame_000009_jpg.rf.770b2cbff13fb844613a6954ea1b7dec.jpg
121,UAV-OBB/train/images/frame_000010_jpg.rf.3219c514007bf30c9ba5d905eb55828c.jpg
122,UAV-OBB/train/images/frame_000010_jpg.rf.34b0ae30f7fe2cd1c5b74b5edb8cac9d.jpg
123,UAV-OBB/train/images/frame_000010_jpg.rf.382b7f83524a9a9b457358cfb7960749.jpg
124,UAV-OBB/train/images/frame_000010_jpg.rf.38db783d67fa2606baa8952d1cd03ca2.jpg
125,UAV-OBB/train/images/frame_000010_jpg.rf.9abc2f4cb5374b48cbdb95b49131c869.jpg
126,UAV-OBB/train/images/frame_000010_jpg.rf.a72fdc15f129f8540a29e7a4f7a279e2.jpg
127,UAV-OBB/train/images/frame_000010_jpg.rf.aa49d2e5b98c5cd245ebc34e2c40673d.jpg
128,UAV-OBB/train/images/frame_000010_jpg.rf.c407b1a04ee95bb50d2864f1448fb4b6.jpg
129,UAV-OBB/train/images/frame_000010_jpg.rf.d661d3a72cc96957db9a0759573ce62c.jpg
130,UAV-OBB/train/images/frame_000010_jpg.rf.dd3988c9740a3802b5a8172c15831f5f.jpg
131,UAV-OBB/train/images/frame_000010_jpg.rf.ea53507c9421da586de7d98ee34efbce.jpg
132,UAV-OBB/train/images/frame_000010_jpg.rf.f77ec54f1cc288ff7ff3414225a6a8f2.jpg
133,UAV-OBB/train/images/frame_000011_jpg.rf.427413deb84eaeac18c473f24e08b3ff.jpg
134,UAV-OBB/train/images/frame_000011_jpg.rf.4302b0e125e69e540fbcd7d66389d674.jpg
135,UAV-OBB/train/images/frame_000011_jpg.rf.910a32dcc1e1bb71b0757eba51f4b3a5.jpg
136,UAV-OBB/train/images/frame_000011_jpg.rf.94d783b8837efd41134f841b7cd3519a.jpg
137,UAV-OBB/train/images/frame_000011_jpg.rf.954de38c7865d3219fe29201a8e9f4ff.jpg
138,UAV-OBB/train/images/frame_000011_jpg.rf.db37c89c8af161577ce1f1907d90bc89.jpg
139,UAV-OBB/train/images/frame_000012_jpg.rf.354c2b606e3257385eafed4fa37b1ca7.jpg
140,UAV-OBB/train/images/frame_000012_jpg.rf.ad56d8f899d3df54af39401654addfaa.jpg
141,UAV-OBB/train/images/frame_000012_jpg.rf.cc84985b3ae02f8944650c64bf612b75.jpg
142,UAV-OBB/train/images/frame_000013_jpg.rf.0242f1cf041737e086e255e6e253bdd7.jpg
143,UAV-OBB/train/images/frame_000013_jpg.rf.1608ebd77fc6256cf325b2fa158ea58d.jpg
144,UAV-OBB/train/images/frame_000013_jpg.rf.4eb3391e9b1098d293848eac3fc7ced4.jpg
145,UAV-OBB/train/images/frame_000013_jpg.rf.5990514c4944dba41a787b6af77340bf.jpg
146,UAV-OBB/train/images/frame_000013_jpg.rf.5ec759552934cb6c616a2bce0b6c4f37.jpg
147,UAV-OBB/train/images/frame_000013_jpg.rf.94e04c4d7c7061158c0e67e12718f48c.jpg
148,UAV-OBB/train/images/frame_000013_jpg.rf.995dbfb20d70366ed26ac425261bde45.jpg
149,UAV-OBB/train/images/frame_000013_jpg.rf.9dc94870953eab2f63ce0dc1bcc8ac11.jpg
150,UAV-OBB/train/images/frame_000013_jpg.rf.c8c3aaa0d7c66ee21f97b59f27116445.jpg
151,UAV-OBB/train/images/frame_000013_jpg.rf.cb4dc8834e9b4ab87c846bd3e26e4410.jpg
152,UAV-OBB/train/images/frame_000013_jpg.rf.d62e6ef69c48cab2bdcc60e8c591f4c8.jpg
153,UAV-OBB/train/images/frame_000013_jpg.rf.ee0db7c3fb346fb194bf36dfe6dad837.jpg
154,UAV-OBB/train/images/frame_000014_jpg.rf.19a938ec2d05313f476e1d2824d7e58c.jpg
155,UAV-OBB/train/images/frame_000014_jpg.rf.2126cb7b3ef45af6b25ff4d504aa823e.jpg
156,UAV-OBB/train/images/frame_000014_jpg.rf.216fefdfb1efb1c181e30dfa24fdc213.jpg
157,UAV-OBB/train/images/frame_000014_jpg.rf.231b7c7c2b25d1d7e5086156ecfa4db7.jpg
158,UAV-OBB/train/images/frame_000014_jpg.rf.2af52ef04b321d63f0bafa758a555b1f.jpg
159,UAV-OBB/train/images/frame_000014_jpg.rf.34a0402b15576d5b91c12d673f329611.jpg
160,UAV-OBB/train/images/frame_000014_jpg.rf.3f256e9bc1195027cb76b465204405a7.jpg
161,UAV-OBB/train/images/frame_000014_jpg.rf.40fe22af3afb1c0b6b679fe27db06e2b.jpg
162,UAV-OBB/train/images/frame_000014_jpg.rf.6dba9c783c183b7c126e921fb1179157.jpg
163,UAV-OBB/train/images/frame_000014_jpg.rf.7271052030662e577545ffb50b981878.jpg
164,UAV-OBB/train/images/frame_000014_jpg.rf.7b38d12cd120e2429134bcb174927516.jpg
165,UAV-OBB/train/images/frame_000014_jpg.rf.8007c1657bc4eab1c40753e58e4f4e04.jpg
166,UAV-OBB/train/images/frame_000014_jpg.rf.c51f218b5dff3f2fa602e7efb772c0a1.jpg
167,UAV-OBB/train/images/frame_000014_jpg.rf.c886647333fd8728d1c8aba7a78cb6bc.jpg
168,UAV-OBB/train/images/frame_000014_jpg.rf.f6d72f67377f485d7412817fd1eae8b2.jpg
169,UAV-OBB/train/images/frame_000016_jpg.rf.0c361e46605d1e235fabefa77897936c.jpg
170,UAV-OBB/train/images/frame_000016_jpg.rf.72a4cddc5a43fe44b4e1fa19d0432d4f.jpg
171,UAV-OBB/train/images/frame_000016_jpg.rf.97056392a8168c4c66a02ecc83aba4c8.jpg
172,UAV-OBB/train/images/frame_000017_jpg.rf.17955c1bdc0ef2c6b1c590cb105afdac.jpg
173,UAV-OBB/train/images/frame_000017_jpg.rf.3d15400f7e69b484c0a9d1d34856b10f.jpg
174,UAV-OBB/train/images/frame_000017_jpg.rf.49b3d413f1374190de9477406f46a982.jpg
175,UAV-OBB/train/images/frame_000017_jpg.rf.7917bc7c234163ae0e5599013e6622be.jpg
176,UAV-OBB/train/images/frame_000017_jpg.rf.8aa739a1271b81daccfddc532d7ea103.jpg
177,UAV-OBB/train/images/frame_000017_jpg.rf.a383cbf5743d19d1ec4e066782ade179.jpg
178,UAV-OBB/train/images/frame_000017_jpg.rf.c8560ef5abfe3ca8b918bd2aea14f4f0.jpg
179,UAV-OBB/train/images/frame_000017_jpg.rf.db7f6f5a31a39351b109f76e4e91523e.jpg
180,UAV-OBB/train/images/frame_000017_jpg.rf.e768be7fe2f19ef622324147050765e3.jpg
181,UAV-OBB/train/images/frame_000018_jpg.rf.8a1fed21f8fdb47207572940502d493b.jpg
182,UAV-OBB/train/images/frame_000018_jpg.rf.a365fc9be61370010fed41cf50303648.jpg
183,UAV-OBB/train/images/frame_000018_jpg.rf.ab766226bff0801edfdaeccd77a0896c.jpg
184,UAV-OBB/train/images/frame_000018_jpg.rf.bc0e404974394fab48c9968bb3e4f813.jpg
185,UAV-OBB/train/images/frame_000018_jpg.rf.f1cfeddf9aa5e1a2176e8b719ba62988.jpg
186,UAV-OBB/train/images/frame_000018_jpg.rf.f5475fc3e4d3c7eb7636e0139c7950a9.jpg
187,UAV-OBB/train/images/frame_000020_jpg.rf.4ef4f28339f3534f0acdf8ea460b3706.jpg
188,UAV-OBB/train/images/frame_000020_jpg.rf.80c8e6b30d7d84594f77ef83bb07c9ca.jpg
189,UAV-OBB/train/images/frame_000020_jpg.rf.cb48a087cbfaa292adfd25e182ebb271.jpg
190,UAV-OBB/train/images/frame_000020_jpg.rf.cea692aab706b3ad032a2d01fbeb0a18.jpg
191,UAV-OBB/train/images/frame_000020_jpg.rf.ed5deb03c0c8bee09e66f3b5eebe86c6.jpg
192,UAV-OBB/train/images/frame_000020_jpg.rf.fb6dc402d0c188c57186006247656c37.jpg
193,UAV-OBB/train/images/frame_000022_jpg.rf.35965deabc35d18b6824e46b4c58cf4d.jpg
194,UAV-OBB/train/images/frame_000022_jpg.rf.71b174d951f593d06dcc86f70cd1f3fd.jpg
195,UAV-OBB/train/images/frame_000022_jpg.rf.883cdd657f4c3e9a62c64ef51a9bb639.jpg
196,UAV-OBB/train/images/frame_000022_jpg.rf.d080d69693ddc240303e505c5ef4310d.jpg
197,UAV-OBB/train/images/frame_000022_jpg.rf.ddb7718a66cc352dd1695e31782b5c5a.jpg
198,UAV-OBB/train/images/frame_000022_jpg.rf.e9382e5304c7ea39eb199f8a300ae7ca.jpg
199,UAV-OBB/train/images/frame_000023_jpg.rf.5de33da6209d239d5bf6a4a8eb6ac3be.jpg
200,UAV-OBB/train/images/frame_000023_jpg.rf.6dfcd34a5dc577b088573e8dce6a926c.jpg
201,UAV-OBB/train/images/frame_000023_jpg.rf.d3e85ea435529dc7ea7e5784062e18ad.jpg
202,UAV-OBB/train/images/frame_000024_jpg.rf.23b8fc3863f84cb9ce75db2d97a937cb.jpg
203,UAV-OBB/train/images/frame_000024_jpg.rf.29f8fba6289d332a12354fc0c41e3e6f.jpg
204,UAV-OBB/train/images/frame_000024_jpg.rf.4b5d2c687f259288af0544932274646c.jpg
205,UAV-OBB/train/images/frame_000024_jpg.rf.8ec6f40989f10a275c68fd4aeab4b8cc.jpg
206,UAV-OBB/train/images/frame_000024_jpg.rf.c23e50c07c00331fb65561353834fd73.jpg
207,UAV-OBB/train/images/frame_000024_jpg.rf.c7d0f12813848811ba8e4e47655002e0.jpg
208,UAV-OBB/train/images/frame_000025_jpg.rf.1e2f45dec98f70ab393524fea0652760.jpg
209,UAV-OBB/train/images/frame_000025_jpg.rf.45d0109a40cf6c41c4a4af33ef0ef87b.jpg
210,UAV-OBB/train/images/frame_000025_jpg.rf.4e3313a94195d89e5939f8e4c00b1ba6.jpg
211,UAV-OBB/train/images/frame_000025_jpg.rf.6215c5c690a1e19f508b392e0661a9be.jpg
212,UAV-OBB/train/images/frame_000025_jpg.rf.6485ffba0a5dfa7f95b165c901a92e77.jpg
213,UAV-OBB/train/images/frame_000025_jpg.rf.6cbba6b1a29e6a1758e56a5366e37871.jpg
214,UAV-OBB/train/images/frame_000025_jpg.rf.b7ba2bb2e729f96a4808664d45dec361.jpg
215,UAV-OBB/train/images/frame_000025_jpg.rf.b82047819b4bb591fcf63fae0d468993.jpg
216,UAV-OBB/train/images/frame_000025_jpg.rf.eeda62637127e673bc08e1787e649327.jpg
217,UAV-OBB/train/images/frame_000027_jpg.rf.8ce4421517e3df3dcecd928603d0435b.jpg
218,UAV-OBB/train/images/frame_000027_jpg.rf.c0179f926b303ce58a514095b20b2c22.jpg
219,UAV-OBB/train/images/frame_000027_jpg.rf.d078c8a5871d9476169a91889ddece18.jpg
220,UAV-OBB/train/images/frame_000028_jpg.rf.5e87f070f7a54ddd7197bbe637b2235c.jpg
221,UAV-OBB/train/images/frame_000028_jpg.rf.c36244c2008e6b7d8e1ec4a3c2956c1c.jpg
222,UAV-OBB/train/images/frame_000028_jpg.rf.f69c7a05228d27abd241f1733c0e65e0.jpg
223,UAV-OBB/train/images/frame_000029_jpg.rf.245defa95864e49117cfa1b0ebc82b77.jpg
224,UAV-OBB/train/images/frame_000029_jpg.rf.3457f161cc6fabe437694f7d25eb16c2.jpg
225,UAV-OBB/train/images/frame_000029_jpg.rf.6f6b45b29eaa1bb033be1896f0c29716.jpg
226,UAV-OBB/train/images/frame_000029_jpg.rf.8a6b207c97de3950461ef6bea6081d12.jpg
227,UAV-OBB/train/images/frame_000029_jpg.rf.cce524c88d6c8c565b871ca0aed99495.jpg
228,UAV-OBB/train/images/frame_000029_jpg.rf.e38ee40b0f42ee08af4a5a2800d6966c.jpg
229,UAV-OBB/train/images/frame_000030_jpg.rf.707a92510d8252c47e999f60e13c4bd9.jpg
230,UAV-OBB/train/images/frame_000030_jpg.rf.963a736e4907b336d92186e9219fda27.jpg
231,UAV-OBB/train/images/frame_000030_jpg.rf.98f9da68ee7581eb22b5ab26d210a0bb.jpg
232,UAV-OBB/train/images/frame_000030_jpg.rf.9d6513a640179d9bc50c191fc4fd9bd2.jpg
233,UAV-OBB/train/images/frame_000030_jpg.rf.c4faa71ca00b0c939484571a1d473a3b.jpg
234,UAV-OBB/train/images/frame_000030_jpg.rf.d49f292631b3b0aaba7cf2fac24c970d.jpg
235,UAV-OBB/train/images/frame_000032_jpg.rf.0034a6bcf1f063d42c6e232fae02e9d4.jpg
236,UAV-OBB/train/images/frame_000032_jpg.rf.61a240baffa4f05949671b6d875c6ddf.jpg
237,UAV-OBB/train/images/frame_000032_jpg.rf.8eb2faad96b9d9767976e09b5cd2be88.jpg
238,UAV-OBB/train/images/frame_000033_jpg.rf.5c9e8ba9f0d986cbcf1975d265fc2562.jpg
239,UAV-OBB/train/images/frame_000033_jpg.rf.cc8cfc407ca535bd254833d1fabdba17.jpg
240,UAV-OBB/train/images/frame_000033_jpg.rf.f1323913d74c72f961e10934cff64b96.jpg
241,UAV-OBB/train/images/frame_000034_jpg.rf.0af1f166e0622e9bfdf489eb2fd83436.jpg
242,UAV-OBB/train/images/frame_000034_jpg.rf.d69fb16310b04e5ee4b0216b2be54d59.jpg
243,UAV-OBB/train/images/frame_000034_jpg.rf.ef80013a9bb3ecff4e9f2d2778128c65.jpg
244,UAV-OBB/train/images/frame_000036_jpg.rf.15b2587b1e996958ad59ae1f629c5cf0.jpg
245,UAV-OBB/train/images/frame_000036_jpg.rf.5655cc51d6aa01571665254fe7419970.jpg
246,UAV-OBB/train/images/frame_000036_jpg.rf.73864e4f0bf457dd16dfe218503e64bc.jpg
247,UAV-OBB/train/images/frame_000036_jpg.rf.74c24b5c8b05556e2c98244e2c44653c.jpg
248,UAV-OBB/train/images/frame_000036_jpg.rf.b92a9424bdef7e2481160ed7e5a7f74e.jpg
249,UAV-OBB/train/images/frame_000036_jpg.rf.ec95500685609f9f9f61fc2c1d8e68f0.jpg
250,UAV-OBB/train/images/frame_000037_jpg.rf.0932739b3eda9466878a7bebdd639343.jpg
251,UAV-OBB/train/images/frame_000037_jpg.rf.538d5f5b6140e5585c116ca151c0c015.jpg
252,UAV-OBB/train/images/frame_000037_jpg.rf.d6ee4f2ba0de93e15acce81f1edb11ba.jpg
253,UAV-OBB/train/images/frame_000038_jpg.rf.638c0ebd392223a3b6dc885fd628fe0e.jpg
254,UAV-OBB/train/images/frame_000038_jpg.rf.97b82bd7f69e97e9c51cdfdbb48e4c23.jpg
255,UAV-OBB/train/images/frame_000038_jpg.rf.bc4fbf6812d3b4baa25eaa9db1a64fa8.jpg
256,UAV-OBB/train/images/frame_000040_jpg.rf.12c4ef16b9e65bdcfc3e7d153776debc.jpg
257,UAV-OBB/train/images/frame_000040_jpg.rf.27571cf3e7213edf2bc5365e387ee5a3.jpg
258,UAV-OBB/train/images/frame_000040_jpg.rf.5c026b1c4bbab7eff4719ce3b393e920.jpg
259,UAV-OBB/train/images/frame_000041_jpg.rf.9596029739855c97b1e9c25f95191467.jpg
260,UAV-OBB/train/images/frame_000041_jpg.rf.aa5ea7554c0a4d46e8be5e7796342baf.jpg
261,UAV-OBB/train/images/frame_000041_jpg.rf.b77fd908eed446e8d8ed347ce95c1bc4.jpg
262,UAV-OBB/train/images/frame_000042_jpg.rf.10c24ea8672c072ec1eca96809160b49.jpg
263,UAV-OBB/train/images/frame_000042_jpg.rf.96c19389391de6f4d3236eacd25bfc3e.jpg
264,UAV-OBB/train/images/frame_000042_jpg.rf.d5f8ec95c3b99f1256ac667abea2b784.jpg
265,UAV-OBB/train/images/frame_000043_jpg.rf.29313ba0c40f2c99053d7c2b1d7c6752.jpg
266,UAV-OBB/train/images/frame_000043_jpg.rf.627156d875933f9db87813a3c3d6adc7.jpg
267,UAV-OBB/train/images/frame_000043_jpg.rf.df36e925e9265350f68eb8bc443c8e08.jpg
268,UAV-OBB/train/images/frame_000044_jpg.rf.1bd3cd7043e5d801eb89044aafeb54a0.jpg
269,UAV-OBB/train/images/frame_000044_jpg.rf.37e4f89bd530ee1cc63f437b83411072.jpg
270,UAV-OBB/train/images/frame_000044_jpg.rf.7bbc47baf3160b975f93148fb1c953aa.jpg
271,UAV-OBB/train/images/frame_000044_jpg.rf.872fc7c9de9a5943a5865ebc6add0a10.jpg
272,UAV-OBB/train/images/frame_000044_jpg.rf.e19c12af9687ab6bbdab097101a75ead.jpg
273,UAV-OBB/train/images/frame_000044_jpg.rf.ef8360d7f141c4308d5e7a2bef605a93.jpg
274,UAV-OBB/train/images/frame_000045_jpg.rf.61adb8c214142f422100edf469f40439.jpg
275,UAV-OBB/train/images/frame_000045_jpg.rf.b4a9959edb6f6ea82979362fc6adbb19.jpg
276,UAV-OBB/train/images/frame_000045_jpg.rf.bac434ae484063069f45e6595dcc6c8c.jpg
277,UAV-OBB/train/images/frame_000046_jpg.rf.6e6fe78e4ea2845ad88dba54656df630.jpg
278,UAV-OBB/train/images/frame_000046_jpg.rf.73e0ce12adade4263924125aa3015a8d.jpg
279,UAV-OBB/train/images/frame_000046_jpg.rf.8e30239a783a0fdc2046508ebc2d406c.jpg
280,UAV-OBB/train/images/frame_000048_jpg.rf.055f01286f51a2ea7e2d01d59bfa75e8.jpg
281,UAV-OBB/train/images/frame_000048_jpg.rf.a76b9b2f25094fd3a94b81414558ebb5.jpg
282,UAV-OBB/train/images/frame_000048_jpg.rf.be79035adde3eff9f86ff53c3ff93bd7.jpg
283,UAV-OBB/train/images/frame_000049_jpg.rf.1462ff7875bfcecbea3aeed62d9fbf2e.jpg
284,UAV-OBB/train/images/frame_000049_jpg.rf.3679b7a6da76aa3e367b3b1048a8931c.jpg
285,UAV-OBB/train/images/frame_000049_jpg.rf.a0e95935ff47182d3694a5a57e161716.jpg
286,UAV-OBB/train/images/frame_000051_jpg.rf.18a0fcc13f0a54e50faee0528cacb2f8.jpg
287,UAV-OBB/train/images/frame_000051_jpg.rf.d3a3794c8c3bfd340bac76e39d3754a4.jpg
288,UAV-OBB/train/images/frame_000051_jpg.rf.d734f969a53de6802e512d575c899d4f.jpg
289,UAV-OBB/train/images/frame_000052_jpg.rf.02489cdcd879d24279df29dc3fcbc6e3.jpg
290,UAV-OBB/train/images/frame_000052_jpg.rf.1c1e707a78ffa46f69fcb716376be460.jpg
291,UAV-OBB/train/images/frame_000052_jpg.rf.3b2dda25eee2b6717e7019f5e51bec5e.jpg
292,UAV-OBB/train/images/frame_000052_jpg.rf.4a994e969127795eabb61a1b80b4b0ed.jpg
293,UAV-OBB/train/images/frame_000052_jpg.rf.59bd451f58f33f8079c9dacb34f999c4.jpg
294,UAV-OBB/train/images/frame_000052_jpg.rf.e082c19410ec3bc159df779cd141baaa.jpg
295,UAV-OBB/train/images/frame_000053_jpg.rf.63f12fcff98694e8ef580a3f21847114.jpg
296,UAV-OBB/train/images/frame_000053_jpg.rf.646df925ffa7debc77fb8b1ebbdcdd00.jpg
297,UAV-OBB/train/images/frame_000053_jpg.rf.96f8974111e32b473a0181303a69ec95.jpg
298,UAV-OBB/train/images/frame_000053_jpg.rf.b4785c8683ff312bad5ee3146e7a504f.jpg
299,UAV-OBB/train/images/frame_000053_jpg.rf.ee8e212dc00a78d3d31199692c4b096a.jpg
300,UAV-OBB/train/images/frame_000053_jpg.rf.f212c79e045a7c9609ffa77f4188b90c.jpg
301,UAV-OBB/train/images/frame_000054_jpg.rf.112ce517eb8a170d157584aea2d9b865.jpg
302,UAV-OBB/train/images/frame_000054_jpg.rf.3d4f7d938713671fcf5e2ecc3aa99c27.jpg
303,UAV-OBB/train/images/frame_000054_jpg.rf.4de542559b8c6eb5c8e9eaf4677e29ac.jpg
304,UAV-OBB/train/images/frame_000054_jpg.rf.57c7230fe1860d01a7e2873a5c8bf2ab.jpg
305,UAV-OBB/train/images/frame_000054_jpg.rf.bf6ca14bd9f29c2c758a387ac5dd9c3e.jpg
306,UAV-OBB/train/images/frame_000054_jpg.rf.dbcea65e79f9e8b75ad62aa61493ddd0.jpg
307,UAV-OBB/train/images/frame_000055_jpg.rf.364801e29c38f49fef7fad443c8aae35.jpg
308,UAV-OBB/train/images/frame_000055_jpg.rf.6594b38bcba4af7c86e1620a9a45c1cb.jpg
309,UAV-OBB/train/images/frame_000055_jpg.rf.af21b9eee97d019693742822fe85a208.jpg
310,UAV-OBB/train/images/frame_000059_jpg.rf.11cb8d9a60a0c15316ea486185cd72d4.jpg
311,UAV-OBB/train/images/frame_000059_jpg.rf.512bdd1d321209585a65fb8c6a6d2bc2.jpg
312,UAV-OBB/train/images/frame_000059_jpg.rf.fd55f3bbcfe48bcf066b3c907a42ae95.jpg
313,UAV-OBB/train/images/frame_000060_jpg.rf.5c1185911b164a76c5a6f3b3e3e748da.jpg
314,UAV-OBB/train/images/frame_000060_jpg.rf.642958deeee2d8d71e264879bf620bdb.jpg
315,UAV-OBB/train/images/frame_000060_jpg.rf.ae82553c00ea9fa253305ba648ced5f3.jpg
316,UAV-OBB/train/images/frame_000062_jpg.rf.6304b6e3f6773a8930a5dc7c0dbc8576.jpg
317,UAV-OBB/train/images/frame_000062_jpg.rf.736e71aa07c003b3ae913510920775aa.jpg
318,UAV-OBB/train/images/frame_000062_jpg.rf.a5e3bc13b30a5e7c0cb48de7bf5642ee.jpg
319,UAV-OBB/train/images/frame_000065_jpg.rf.02baa165ec21a0c9082722f17735f0b9.jpg
320,UAV-OBB/train/images/frame_000065_jpg.rf.936e435b2851742294a3080cfac73fd7.jpg
321,UAV-OBB/train/images/frame_000065_jpg.rf.9c546feff225b81b34c2f004a4a12cb9.jpg
322,UAV-OBB/train/images/frame_000065_jpg.rf.c033ae0a5afd0868d545f65823d03734.jpg
323,UAV-OBB/train/images/frame_000065_jpg.rf.c71da119d276dc488f7e757f429fa29c.jpg
324,UAV-OBB/train/images/frame_000065_jpg.rf.cd4b63990cd7b7f861975f041c235270.jpg
325,UAV-OBB/train/images/frame_000066_jpg.rf.0c8732593ee65be437877d44a6b56b04.jpg
326,UAV-OBB/train/images/frame_000066_jpg.rf.6c9f0bbac5f3204fe3a74d6b6ec8720c.jpg
327,UAV-OBB/train/images/frame_000066_jpg.rf.b8916e6e686b573154e31281c2ccbb4e.jpg
328,UAV-OBB/train/images/frame_000067_jpg.rf.7c41d70a139f9c3b117d02e0aaad6144.jpg
329,UAV-OBB/train/images/frame_000067_jpg.rf.d078879c61c7e023d4bd520e2899ae27.jpg
330,UAV-OBB/train/images/frame_000067_jpg.rf.fe833f7de3b3f87b942da23f836b1c29.jpg
331,UAV-OBB/train/images/frame_000069_jpg.rf.3d4bbc7b1712542c46ea99eb44202f76.jpg
332,UAV-OBB/train/images/frame_000069_jpg.rf.60c19594c8fadcb3d00895e2da49c32d.jpg
333,UAV-OBB/train/images/frame_000069_jpg.rf.7a764ebc72bf8ae189c04ffd1691cd63.jpg
334,UAV-OBB/train/images/frame_000071_jpg.rf.191f52f7c20d36748795347d7b8073dc.jpg
335,UAV-OBB/train/images/frame_000071_jpg.rf.38cd9bb85767973b5e834998e2c028c8.jpg
336,UAV-OBB/train/images/frame_000071_jpg.rf.91058ced7368d44a0d5e3982217dbc0e.jpg
337,UAV-OBB/train/images/frame_000071_jpg.rf.cc1a1eca4834795f9edc23d8951bbaa1.jpg
338,UAV-OBB/train/images/frame_000071_jpg.rf.ea030ba5ec74e6fd898a1f6937aa1249.jpg
339,UAV-OBB/train/images/frame_000071_jpg.rf.f093a85b6e388f0958639da8cbc81e3b.jpg
340,UAV-OBB/train/images/frame_000073_jpg.rf.0877c5e19ca1482fea45edcb2d3ae405.jpg
341,UAV-OBB/train/images/frame_000073_jpg.rf.4608bf6d8f3facbbf37bf2a430f5eae6.jpg
342,UAV-OBB/train/images/frame_000073_jpg.rf.cdbe87a49091e6813e2b29780e543801.jpg
343,UAV-OBB/train/images/frame_000076_jpg.rf.173c0220c547692490150fb0013b7b23.jpg
344,UAV-OBB/train/images/frame_000076_jpg.rf.762d82412dbd358786480848bec6721e.jpg
345,UAV-OBB/train/images/frame_000076_jpg.rf.cdead46d2a993bf9c0a5bc39bf8171c6.jpg
346,UAV-OBB/train/images/frame_000077_jpg.rf.17a01818f3ab2e1e84bf5eb4d0b13a36.jpg
347,UAV-OBB/train/images/frame_000077_jpg.rf.209bd5fd76ddcdbb9adfc6af45844916.jpg
348,UAV-OBB/train/images/frame_000077_jpg.rf.2296894b3eb77a323c2525a7bb957d63.jpg
349,UAV-OBB/train/images/frame_000077_jpg.rf.68b456f8b1332e51237bcec1dfc40bae.jpg
350,UAV-OBB/train/images/frame_000077_jpg.rf.8c7a668a01fbaa14adec6bde541509ff.jpg
351,UAV-OBB/train/images/frame_000077_jpg.rf.c19c899e73f6117d64928cb0f6f6c31e.jpg
352,UAV-OBB/train/images/frame_000078_jpg.rf.2d61d17aa93599232e40d13209ee8115.jpg
353,UAV-OBB/train/images/frame_000078_jpg.rf.c4b52e1d68088d84c1a29ea9f156429c.jpg
354,UAV-OBB/train/images/frame_000078_jpg.rf.dd72b0a1ed0a2e2a9ca45b602ef1e0d0.jpg
355,UAV-OBB/train/images/frame_000079_jpg.rf.82ed50a94fbe77b0f57f372aac94cc1a.jpg
356,UAV-OBB/train/images/frame_000079_jpg.rf.837407ff0c130cc14fbffbfd9b9dc34b.jpg
357,UAV-OBB/train/images/frame_000079_jpg.rf.f92c5d43b901bf2d54b3a640572ba2ba.jpg
358,UAV-OBB/train/images/frame_000085_jpg.rf.127e4ef3f662405fad971afaf20f5296.jpg
359,UAV-OBB/train/images/frame_000085_jpg.rf.6dcd37dfdb0103652f4058d5f195e54f.jpg
360,UAV-OBB/train/images/frame_000085_jpg.rf.94da3dde16e89e6fab6b1d3bc2612149.jpg
361,UAV-OBB/train/images/frame_000088_jpg.rf.4bb4554f5e2f70f92f91cfd944d37ec6.jpg
362,UAV-OBB/train/images/frame_000088_jpg.rf.7f9503f52f170830aadfe9855499f141.jpg
363,UAV-OBB/train/images/frame_000088_jpg.rf.94becf48b461d58d945ffe4c0e00be54.jpg
364,UAV-OBB/train/images/frame_000090_jpg.rf.34d43c43d98547342931748bfd1d4f4e.jpg
365,UAV-OBB/train/images/frame_000090_jpg.rf.bca7f01bcab0c69162ca69aeaeb23243.jpg
366,UAV-OBB/train/images/frame_000090_jpg.rf.f76b9246ebe2189fcbd8a56d483cce90.jpg
367,UAV-OBB/train/images/frame_000091_jpg.rf.3c505cb597fa13d669b6d68f78db0597.jpg
368,UAV-OBB/train/images/frame_000091_jpg.rf.55107309cdfb70ad8295636a193391fb.jpg
369,UAV-OBB/train/images/frame_000091_jpg.rf.9b7b7bb4dfe7e955145e85c20536770d.jpg
370,UAV-OBB/train/images/frame_000098_jpg.rf.9d8750b96cee4b3287ab24118e780995.jpg
371,UAV-OBB/train/images/frame_000098_jpg.rf.ec63befcbf59ce48a7a92bcc988ec337.jpg
372,UAV-OBB/train/images/frame_000098_jpg.rf.fd9d9e7229f5be81135001e085577530.jpg
373,UAV-OBB/train/images/frame_000099_jpg.rf.5c6b8b72ba3fc6a1bee8a57249e7a008.jpg
374,UAV-OBB/train/images/frame_000099_jpg.rf.7b37ef0346f6c1c0eaf815479b999a6f.jpg
375,UAV-OBB/train/images/frame_000099_jpg.rf.e95f4a8bac5e994c86999723606d1364.jpg
376,UAV-OBB/train/images/frame_0000_jpg.rf.47d1606c473dca89ee539c4ee19d0e82.jpg
377,UAV-OBB/train/images/frame_0000_jpg.rf.5f07df131b05ad46ae08314b0563b90c.jpg
378,UAV-OBB/train/images/frame_0000_jpg.rf.aa3e902e703574622396f6ea5008c0c2.jpg
379,UAV-OBB/train/images/frame_000101_jpg.rf.23db6afcd7600c23c73cb4496b4913b7.jpg
380,UAV-OBB/train/images/frame_000101_jpg.rf.580a3203519adaed3a7938a35dcb2d5e.jpg
381,UAV-OBB/train/images/frame_000101_jpg.rf.9e101091f890496912736f7ab911af4a.jpg
382,UAV-OBB/train/images/frame_000104_jpg.rf.23ca760fe3a91823dd8571c9f6a17de0.jpg
383,UAV-OBB/train/images/frame_000104_jpg.rf.31f800c41eecd2493261a5569f152b39.jpg
384,UAV-OBB/train/images/frame_000104_jpg.rf.585d9db86d87658526f8915a4fb0b7d9.jpg
385,UAV-OBB/train/images/frame_000104_jpg.rf.86e9f7ad8fb0289a388089299b5e92d3.jpg
386,UAV-OBB/train/images/frame_000104_jpg.rf.cb999b8215868764a4c3ea68ff1fbd60.jpg
387,UAV-OBB/train/images/frame_000104_jpg.rf.d146b52538ec0826f5676b3dc0452bff.jpg
388,UAV-OBB/train/images/frame_000104_jpg.rf.d1e021314c760500c87e8cd65c068a4d.jpg
389,UAV-OBB/train/images/frame_000104_jpg.rf.e0b6aca591f2ee1fa8e5d465f92860b4.jpg
390,UAV-OBB/train/images/frame_000104_jpg.rf.fd106a982b5e051a366fe65de3b2fd7e.jpg
391,UAV-OBB/train/images/frame_000105_jpg.rf.222cdedc1985dc93b8c156f77d30d96f.jpg
392,UAV-OBB/train/images/frame_000105_jpg.rf.23788481bfeba0a864bd57f5fec9f3c6.jpg
393,UAV-OBB/train/images/frame_000105_jpg.rf.93e5310d9e0584ecd665e829b105ebe6.jpg
394,UAV-OBB/train/images/frame_000106_jpg.rf.3551586af280c8f597593085d0b5dc2e.jpg
395,UAV-OBB/train/images/frame_000106_jpg.rf.d520483ab850af85dfdab1ac7d1a8d3c.jpg
396,UAV-OBB/train/images/frame_000106_jpg.rf.f14b9a0ef6d6616b19cb6988298aa7f8.jpg
397,UAV-OBB/train/images/frame_000107_jpg.rf.0594bd17459a39208ee68ad3c8131023.jpg
398,UAV-OBB/train/images/frame_000107_jpg.rf.0a8b997bb9c512191706de91d4384056.jpg
399,UAV-OBB/train/images/frame_000107_jpg.rf.85769d4b4f808357ac3c0a2a1ac6ad04.jpg
400,UAV-OBB/train/images/frame_000109_jpg.rf.17660a037ad2efda5bd2eafa0eb9a3d3.jpg
401,UAV-OBB/train/images/frame_000109_jpg.rf.98966c4835676dbfa133fdf283df013c.jpg
402,UAV-OBB/train/images/frame_000109_jpg.rf.ad4a95b852cf091e790bc115c831604c.jpg
403,UAV-OBB/train/images/frame_000112_jpg.rf.6cf073f8726a1cabba6d47983684f7d8.jpg
404,UAV-OBB/train/images/frame_000112_jpg.rf.a9cf73ed6c010fea8654125a7d29699d.jpg
405,UAV-OBB/train/images/frame_000112_jpg.rf.f2bdb25c70344fb31ed35f56b42747ae.jpg
406,UAV-OBB/train/images/frame_000113_jpg.rf.ad1596b96ab3bd2dd7b1a52800df5ec9.jpg
407,UAV-OBB/train/images/frame_000113_jpg.rf.cb9ccbf306d3c98e0eb1f4b245e3ba95.jpg
408,UAV-OBB/train/images/frame_000113_jpg.rf.e1a7bbf27423bc67385943677f82463b.jpg
409,UAV-OBB/train/images/frame_000114_jpg.rf.07f5600538c3040225144a72d7e1cd41.jpg
410,UAV-OBB/train/images/frame_000114_jpg.rf.5e83e2c72c996a016ce3792c02af3358.jpg
411,UAV-OBB/train/images/frame_000114_jpg.rf.634055cbfef5915f35248555dcead5e7.jpg
412,UAV-OBB/train/images/frame_000114_jpg.rf.86152efb604cd44b6d3417db9c28c254.jpg
413,UAV-OBB/train/images/frame_000114_jpg.rf.92ed4c2124566fd180ddd74a85b10846.jpg
414,UAV-OBB/train/images/frame_000114_jpg.rf.ba097e195c282dba617caaa0ec7cf7fa.jpg
415,UAV-OBB/train/images/frame_000122_jpg.rf.6e737df9b61bc7246590eeeb90a41a2e.jpg
416,UAV-OBB/train/images/frame_000122_jpg.rf.777021973f86e26ed0c25c72fde0885d.jpg
417,UAV-OBB/train/images/frame_000122_jpg.rf.ae41838b3adcb4087750db107febce23.jpg
418,UAV-OBB/train/images/frame_000131_jpg.rf.2d245bfa546a362a218f2fdd6cd636b4.jpg
419,UAV-OBB/train/images/frame_000131_jpg.rf.651720c15f695fe334f48dbdcc3f4bc5.jpg
420,UAV-OBB/train/images/frame_000131_jpg.rf.934c3c5392209e95e90b0c2229812a3f.jpg
421,UAV-OBB/train/images/frame_000134_jpg.rf.7ed0c2ec1c1b0153fbd204297bacebf0.jpg
422,UAV-OBB/train/images/frame_000134_jpg.rf.9e53a4c52d4700e11e9cf379c5565c0d.jpg
423,UAV-OBB/train/images/frame_000134_jpg.rf.cc1aa684a271cbf32f9cf466a6fecb20.jpg
424,UAV-OBB/train/images/frame_000141_jpg.rf.2105f61bbf68148d3af6ede1dfe13a24.jpg
425,UAV-OBB/train/images/frame_000141_jpg.rf.be961f4aba7f4a2d935c1aca29947d28.jpg
426,UAV-OBB/train/images/frame_000141_jpg.rf.e399fffadfc1f8472bc80242e41f9abd.jpg
427,UAV-OBB/train/images/frame_000149_jpg.rf.91c8a9df38ab4d3cd060383645e019b5.jpg
428,UAV-OBB/train/images/frame_000149_jpg.rf.96b35d7ddefd7642908dbc025d011d5e.jpg
429,UAV-OBB/train/images/frame_000149_jpg.rf.b2dbfbb10ed0dbd6751c7a075baf6e90.jpg
430,UAV-OBB/train/images/frame_000181_jpg.rf.28b7f9df2498018d00fe3ec6de176ecd.jpg
431,UAV-OBB/train/images/frame_000181_jpg.rf.904f3f47c0186d2cdd4df041c556262b.jpg
432,UAV-OBB/train/images/frame_000181_jpg.rf.a44fd5da78b5ef0ceebb2d4ef11e6e72.jpg
433,UAV-OBB/train/images/frame_000213_jpg.rf.b6bac9d19040d7417ee7bb0911b7abaf.jpg
434,UAV-OBB/train/images/frame_000213_jpg.rf.f804d2530428359a7fcb6487ccc1695c.jpg
435,UAV-OBB/train/images/frame_000213_jpg.rf.fd13ef4d9e2167f39d009c57e85cc43a.jpg
436,UAV-OBB/train/images/frame_000258_jpg.rf.1b616f32fb5245250524ed9252a6d5d2.jpg
437,UAV-OBB/train/images/frame_000258_jpg.rf.9195d5395e8401eb519be4a8b73eb88a.jpg
438,UAV-OBB/train/images/frame_000258_jpg.rf.d080d2432e8ff90fd4f29a3a9285cf17.jpg
439,UAV-OBB/train/images/frame_000289_jpg.rf.67baee0e870ca5734dea259090e35e75.jpg
440,UAV-OBB/train/images/frame_000289_jpg.rf.b83a08dcc5b44adc6ee8d4da9a3f1804.jpg
441,UAV-OBB/train/images/frame_000289_jpg.rf.df91ab26fef74c81154e01622da515f6.jpg
442,UAV-OBB/train/images/frame_000290_jpg.rf.45f51495adfa0ec1e72c8e98f829decb.jpg
443,UAV-OBB/train/images/frame_000290_jpg.rf.630b9b2c4999f976b8f287a66a02e55c.jpg
444,UAV-OBB/train/images/frame_000290_jpg.rf.9a78546d3882808fc62aa97631fc27c8.jpg
445,UAV-OBB/train/images/frame_000410_jpg.rf.2e4cf1753a4bffd339f708bfc68328b8.jpg
446,UAV-OBB/train/images/frame_000410_jpg.rf.dcffefdeac772d4f3f1c7989057dcba7.jpg
447,UAV-OBB/train/images/frame_000410_jpg.rf.feef76cb989c4e9832f8c33e0ff730f1.jpg
448,UAV-OBB/train/images/frame_000448_jpg.rf.27066b70f860168c7005f4c9b5d752e5.jpg
449,UAV-OBB/train/images/frame_000448_jpg.rf.5d6c68365d1a24234b30e0e2c3c8e1d5.jpg
450,UAV-OBB/train/images/frame_000448_jpg.rf.b4eb4e501da691051f68b78ac2e3cea3.jpg
451,UAV-OBB/train/images/frame_000459_jpg.rf.0d73e181ec8bd828ef550154ee8776b7.jpg
452,UAV-OBB/train/images/frame_000459_jpg.rf.95307c1a7225b0f7bf9a166e7c03bc60.jpg
453,UAV-OBB/train/images/frame_000459_jpg.rf.ef26ec30804d93781834873a0731afd4.jpg
454,UAV-OBB/train/images/frame_000495_jpg.rf.072694096e269b1da7b9983f630e45eb.jpg
455,UAV-OBB/train/images/frame_000495_jpg.rf.6a6cabf8853fe7fd151b4230b0ac55b0.jpg
456,UAV-OBB/train/images/frame_000495_jpg.rf.a9adb7f67cd95898c8ebc0b956d93e51.jpg
457,UAV-OBB/train/images/frame_000503_jpg.rf.054cd793ee912a1f01056f73d34b6525.jpg
458,UAV-OBB/train/images/frame_000503_jpg.rf.9f9977a4662cc8927523d30b7a1b560e.jpg
459,UAV-OBB/train/images/frame_000503_jpg.rf.c1374af9d75309c90374246f9af9178a.jpg
460,UAV-OBB/train/images/frame_000534_jpg.rf.75758cd63284565787433b1f35925015.jpg
461,UAV-OBB/train/images/frame_000534_jpg.rf.d0864ef8d5ff0b8580369bd65598dcea.jpg
462,UAV-OBB/train/images/frame_000534_jpg.rf.fb059efae58c6aabb4a90777e32f1599.jpg
463,UAV-OBB/train/images/frame_000694_jpg.rf.197e3865fca9787d54bc5ec328a0cdd7.jpg
464,UAV-OBB/train/images/frame_000694_jpg.rf.a29c0cd7a41a084301591ef7568bb894.jpg
465,UAV-OBB/train/images/frame_000694_jpg.rf.f25b6f0f92ac049cbdd8d3cc8d23637c.jpg
466,UAV-OBB/train/images/frame_000702_jpg.rf.622c423490ca3abe1d693cffbcb262c6.jpg
467,UAV-OBB/train/images/frame_000702_jpg.rf.8368e26d30239e49968eb95454db39dd.jpg
468,UAV-OBB/train/images/frame_000702_jpg.rf.decd14c014fab88f245a5d597e2c8fa5.jpg
469,UAV-OBB/train/images/frame_000713_jpg.rf.1ba4bc6ca28a8ed6d61e6e56d649588b.jpg
470,UAV-OBB/train/images/frame_000713_jpg.rf.3eaa44197458736cd78bad683bf71e2b.jpg
471,UAV-OBB/train/images/frame_000713_jpg.rf.b1990ae920e17604a345dd71dc81a5db.jpg
472,UAV-OBB/train/images/frame_000826_jpg.rf.27386ddbb3068764bbc696e68fc38d71.jpg
473,UAV-OBB/train/images/frame_000826_jpg.rf.3183357576186330668c4627cb61b1ad.jpg
474,UAV-OBB/train/images/frame_000826_jpg.rf.b6387c3765b356905baf1311e6ba6378.jpg
475,UAV-OBB/train/images/frame_001154_jpg.rf.25a6b07e4723df9f34943dc076b5dcbe.jpg
476,UAV-OBB/train/images/frame_001154_jpg.rf.acb59c21060a36b0e3bd4024ef4544c6.jpg
477,UAV-OBB/train/images/frame_001154_jpg.rf.d72aa962dd885e83852237f1ac668042.jpg
478,UAV-OBB/train/images/frame_002472_jpg.rf.31980bd2babfa3ed6161c3d11bc7affc.jpg
479,UAV-OBB/train/images/frame_002472_jpg.rf.446b2ecc779b320857465007a064d4d8.jpg
480,UAV-OBB/train/images/frame_002472_jpg.rf.d5bebe1c62307be104a8d34b11f9b5c4.jpg
481,UAV-OBB/train/images/frame_002488_jpg.rf.396ac0a1ded68af8736686c708c65233.jpg
482,UAV-OBB/train/images/frame_002488_jpg.rf.518b7c7779d3e59f1ea1ebb01bdcd474.jpg
483,UAV-OBB/train/images/frame_002488_jpg.rf.d65f6ac13e3cebaff57c6c29688af5a9.jpg
484,UAV-OBB/train/images/frame_002504_jpg.rf.41464ca3c08b72f31589efa147db2675.jpg
485,UAV-OBB/train/images/frame_002504_jpg.rf.451869eef0eb9b5049bf82f48cb84a1f.jpg
486,UAV-OBB/train/images/frame_002504_jpg.rf.52d3ee1af1203bdc858be4b92c2f0e38.jpg
487,UAV-OBB/train/images/frame_002628_jpg.rf.3477e0e836c4ed6239ff1b3a6a5806a0.jpg
488,UAV-OBB/train/images/frame_002628_jpg.rf.8212a7b7072d9986f1d128204761614c.jpg
489,UAV-OBB/train/images/frame_002628_jpg.rf.99720479e5e587ab7eced547032ef6cf.jpg
490,UAV-OBB/train/images/frame_003656_jpg.rf.6e30bc8444bf49192e6ad24125f96aac.jpg
491,UAV-OBB/train/images/frame_003656_jpg.rf.79b2affeed94e17b9ca4c8d8e9407668.jpg
492,UAV-OBB/train/images/frame_003656_jpg.rf.f48dc132f65b6d9a48866505a0913a31.jpg
493,UAV-OBB/train/images/IMG20251225083740_jpg.rf.5e7859b572df0901322829c4a979ad76.jpg
494,UAV-OBB/train/images/IMG20251225083740_jpg.rf.a89f04381ee5f30902e8444ab31875f6.jpg
495,UAV-OBB/train/images/IMG20251225083740_jpg.rf.b21375a9deb61874d32955a3ac84bc72.jpg
496,UAV-OBB/train/images/IMG20251225095325_jpg.rf.31d6ae68cdd10b5c9f6beb0bcb0215a8.jpg
497,UAV-OBB/train/images/IMG20251225095325_jpg.rf.d8aef35989b19cc4e619a4ab51b4e211.jpg
498,UAV-OBB/train/images/IMG20251225095325_jpg.rf.f54f4b8f9ad20d1157ca0314d0d3b794.jpg
499,UAV-OBB/train/images/IMG20251226121601_jpg.rf.57aaf2b26ca09daee270a639f7ff9939.jpg
500,UAV-OBB/train/images/IMG20251226121601_jpg.rf.d692dc175afadd53de91e229676238e8.jpg
501,UAV-OBB/train/images/IMG20251226121601_jpg.rf.dea7d15e4d5254979373ae14968d2cd1.jpg
502,UAV-OBB/train/images/IMG20251228132337_jpg.rf.37f43336698186807961c6aaba0dd10d.jpg
503,UAV-OBB/train/images/IMG20251228132337_jpg.rf.c4584777d5cb7396c5d66860a467de98.jpg
504,UAV-OBB/train/images/IMG20251228132337_jpg.rf.dbfe5bdae687264629833ad4d4773032.jpg
505,UAV-OBB/train/images/IMG20251231082311_jpg.rf.9ffc7b7b0eba4fc8a1df95ba6a038b9b.jpg
506,UAV-OBB/train/images/IMG20251231082311_jpg.rf.aa4c20c2986f9632b62e8217354c25b9.jpg
507,UAV-OBB/train/images/IMG20251231082311_jpg.rf.f510bc5cb38638e7a4217e9445e77ded.jpg
508,UAV-OBB/train/images/IMG20251231082313_jpg.rf.08e8b29b8a5e9833875e06dbb272c1df.jpg
509,UAV-OBB/train/images/IMG20251231082313_jpg.rf.224dabbac7a8d55799c136680d896e46.jpg
510,UAV-OBB/train/images/IMG20251231082313_jpg.rf.4360171db79f42bc01a076b011d45634.jpg
511,UAV-OBB/train/images/Untitled-2f_png.rf.23d33799f4ae93f85b815dc623d5f0dd.jpg
512,UAV-OBB/train/images/Untitled-2f_png.rf.285bc850183b40e611c28a99abcc5e28.jpg
513,UAV-OBB/train/images/Untitled-2f_png.rf.7baf0490011b3f1c0f421a4cefe58bc9.jpg
514,UAV-OBB/train/images/VID20251219083918_frame_003_jpg.rf.6cb4a46ed50de1f1a0d58284345ce28e.jpg
515,UAV-OBB/train/images/VID20251219083918_frame_008_jpg.rf.efb0ecf5c0b9cb161c1c6a747c04bb02.jpg
516,UAV-OBB/train/images/VID20251219083918_frame_010_jpg.rf.233e6b5eda0d7bad4352fcf0429ab997.jpg
517,UAV-OBB/train/images/VID20251219083918_frame_011_jpg.rf.303d5dd3992079179fb6ec0c6152f22e.jpg
518,UAV-OBB/train/images/VID20251219083918_frame_013_jpg.rf.b5515f17e6d7c4fc4e5e545028cf9473.jpg
519,UAV-OBB/train/images/VID20251219083918_frame_016_jpg.rf.96b34e05066ef80521e105c6e20b2b6e.jpg
520,UAV-OBB/train/images/VID20251222082657_mp4-0001_jpg.rf.86615587d83861fa451036eff47d8ea9.jpg
521,UAV-OBB/train/images/VID20251222082657_mp4-0001_jpg.rf.87617de8baba1da4c171fa0bfe87e2c1.jpg
522,UAV-OBB/train/images/VID20251222082657_mp4-0001_jpg.rf.b3cfb6ea851359433e5fa242cac65cfd.jpg
523,UAV-OBB/train/images/VID20251222082657_mp4-0002_jpg.rf.08b7bc263898c80025ef27bbc5f7bd46.jpg
524,UAV-OBB/train/images/VID20251222082657_mp4-0002_jpg.rf.196bd6871dfc3c93311ff1c227f864e0.jpg
525,UAV-OBB/train/images/VID20251222082657_mp4-0002_jpg.rf.2c514cb01a71b946bfa5dcc219d637d4.jpg
526,UAV-OBB/train/images/VID20251222082657_mp4-0003_jpg.rf.3108875c356060cffd87382f0a039f34.jpg
527,UAV-OBB/train/images/VID20251222082657_mp4-0003_jpg.rf.69241177f5c88fa2f4bf735a15a59bb8.jpg
528,UAV-OBB/train/images/VID20251222082657_mp4-0003_jpg.rf.c722cb5371d411deadc7def6f024f51a.jpg
529,UAV-OBB/train/images/VID20251222082657_mp4-0004_jpg.rf.74afdeba3d1f19ad3338a028a513c914.jpg
530,UAV-OBB/train/images/VID20251222082657_mp4-0004_jpg.rf.a078116e2d6685dd7a692fe10ef490f2.jpg
531,UAV-OBB/train/images/VID20251222082657_mp4-0004_jpg.rf.ba6435bd44491d114e49f1c62f736283.jpg
532,UAV-OBB/train/images/VID20251222082657_mp4-0006_jpg.rf.61381a55c43459d0d7ecc0aeb8ed4918.jpg
533,UAV-OBB/train/images/VID20251222082657_mp4-0006_jpg.rf.a334cfda377ede5962449cf505fe8bd2.jpg
534,UAV-OBB/train/images/VID20251222082657_mp4-0006_jpg.rf.cf46781bbfb3eea8af89dad1a0bbed04.jpg
535,UAV-OBB/train/images/VID20251222082657_mp4-0007_jpg.rf.05a535646b8c641880b236fc9a01cc08.jpg
536,UAV-OBB/train/images/VID20251222082657_mp4-0007_jpg.rf.e4fa983957aa2ce78e3d55e3e5b9bfe7.jpg
537,UAV-OBB/train/images/VID20251222082657_mp4-0007_jpg.rf.f3bc934f842ddb63b3363b8c360b1604.jpg
538,UAV-OBB/train/images/VID20251222082657_mp4-0008_jpg.rf.57285e9d72f2f7d1bc5345c21e653d23.jpg
539,UAV-OBB/train/images/VID20251222082657_mp4-0008_jpg.rf.cbc1999aa0c8ecda2d1f20ad88905c0c.jpg
540,UAV-OBB/train/images/VID20251222082657_mp4-0008_jpg.rf.fe8db91c52ef0d76770161c71091fa38.jpg
541,UAV-OBB/train/images/VID20251222082657_mp4-0009_jpg.rf.6b17dc9b5b6a4241dabe9769a0f2d9dd.jpg
542,UAV-OBB/train/images/VID20251222082657_mp4-0009_jpg.rf.9f14e110b0f3e7dc6e9355d82babc19d.jpg
543,UAV-OBB/train/images/VID20251222082657_mp4-0009_jpg.rf.b686387828ebe94761782c70c00f2cf2.jpg
544,UAV-OBB/train/images/VID20251222082657_mp4-0010_jpg.rf.057e6113c46e4bd23bedb765c1404b82.jpg
545,UAV-OBB/train/images/VID20251222082657_mp4-0010_jpg.rf.a5008cf8ec71542fdfcf1d525b1ad9a0.jpg
546,UAV-OBB/train/images/VID20251222082657_mp4-0010_jpg.rf.ba647d7b9977713e095c6d3039f12fb9.jpg
547,UAV-OBB/train/images/VID20251222082657_mp4-0011_jpg.rf.2231130a4e392deeef742bc1c7568706.jpg
548,UAV-OBB/train/images/VID20251222082657_mp4-0011_jpg.rf.c7fc37a75183fe4da1aa3a56ca8ae207.jpg
549,UAV-OBB/train/images/VID20251222082657_mp4-0011_jpg.rf.d7608e6b86ccb17c3598f81ca9a918da.jpg
550,UAV-OBB/train/images/VID20251222082657_mp4-0013_jpg.rf.7b50657165601870a3f8f9eda75cf41f.jpg
551,UAV-OBB/train/images/VID20251222082657_mp4-0013_jpg.rf.80ffffd2384f284fedf5d4042b19d1ab.jpg
552,UAV-OBB/train/images/VID20251222082657_mp4-0013_jpg.rf.890c473f989473aceb08ad8fd9041dc0.jpg
553,UAV-OBB/train/images/VID20251222082657_mp4-0014_jpg.rf.0d2f66506072883a8e9dbe3415566904.jpg
554,UAV-OBB/train/images/VID20251222082657_mp4-0014_jpg.rf.a4afd5781e38cad7704a938e495eef50.jpg
555,UAV-OBB/train/images/VID20251222082657_mp4-0014_jpg.rf.ff92a44111bb97d510fb615f5436c845.jpg
556,UAV-OBB/train/images/VID20251222082657_mp4-0015_jpg.rf.4ff7d3a5c160c43f2d4c28c7c6391f3a.jpg
557,UAV-OBB/train/images/VID20251222082657_mp4-0015_jpg.rf.7a3e29feda39210bbce7e8d6988c9acb.jpg
558,UAV-OBB/train/images/VID20251222082657_mp4-0015_jpg.rf.893e842a0e1c28449ed5307e5aa2c329.jpg
559,UAV-OBB/train/images/VID20251222082657_mp4-0017_jpg.rf.5b36a96a5a493d402b11acf23e09e2d1.jpg
560,UAV-OBB/train/images/VID20251222082657_mp4-0017_jpg.rf.879dbefbd91a94c539810f367a822379.jpg
561,UAV-OBB/train/images/VID20251222082657_mp4-0017_jpg.rf.e33302d7489ea7a43dc48759d9ad2c9e.jpg
562,UAV-OBB/train/images/VID20251222082657_mp4-0018_jpg.rf.91dba4cf8a8c0a4feedf334ac925dadb.jpg
563,UAV-OBB/train/images/VID20251222082657_mp4-0018_jpg.rf.b419f51e393bf0496a7a28737c2c7840.jpg
564,UAV-OBB/train/images/VID20251222082657_mp4-0018_jpg.rf.c5e82bdb2d03b9c4d5c5facb22d08a77.jpg
565,UAV-OBB/train/images/VID20251222082657_mp4-0019_jpg.rf.61c579e97fd4c103ef8dc7f354a05759.jpg
566,UAV-OBB/train/images/VID20251222082657_mp4-0019_jpg.rf.76ad3becc85776566ab46ba575ca54fa.jpg
567,UAV-OBB/train/images/VID20251222082657_mp4-0019_jpg.rf.cf36aafc9a87de46587851e9339d92dc.jpg
568,UAV-OBB/train/images/VID20251222082657_mp4-0020_jpg.rf.8ba87a9cc89e9cd646f049af15e0698c.jpg
569,UAV-OBB/train/images/VID20251222082657_mp4-0020_jpg.rf.ce27ac28aac4199b02615a591e42fa0a.jpg
570,UAV-OBB/train/images/VID20251222082657_mp4-0020_jpg.rf.d95d3f092eca641ee1e904130f541649.jpg
571,UAV-OBB/train/images/VID20251222082657_mp4-0021_jpg.rf.2f51b3edd22f3c62a57274ba50d2e9be.jpg
572,UAV-OBB/train/images/VID20251222082657_mp4-0021_jpg.rf.37f618014dbf735f938144625fe7c2f6.jpg
573,UAV-OBB/train/images/VID20251222082657_mp4-0021_jpg.rf.d82817910906a7695d1d3283c8d1668c.jpg
574,UAV-OBB/train/images/VID20251222082657_mp4-0024_jpg.rf.29b4443a32a5aa3268a8e7cc7cca04d9.jpg
575,UAV-OBB/train/images/VID20251222082657_mp4-0024_jpg.rf.c6791c2e00276c0f0d790fbff8410f38.jpg
576,UAV-OBB/train/images/VID20251222082657_mp4-0024_jpg.rf.f4561990dc384917bb68f4df8e7821af.jpg
577,UAV-OBB/train/images/VID20251222082657_mp4-0025_jpg.rf.3ae97b32f5d2d06614d01fd9cf028f14.jpg
578,UAV-OBB/train/images/VID20251222082657_mp4-0025_jpg.rf.76bff5bf973cc7be2d15e3d75674303b.jpg
579,UAV-OBB/train/images/VID20251222082657_mp4-0025_jpg.rf.d88db47fe66dea9fafb17e3150813689.jpg
580,UAV-OBB/train/images/VID20251222082657_mp4-0026_jpg.rf.10e79b41d142b07347d6ae97c60e7771.jpg
581,UAV-OBB/train/images/VID20251222082657_mp4-0026_jpg.rf.b64b2d6fa04d3606d4b01efb34f14d40.jpg
582,UAV-OBB/train/images/VID20251222082657_mp4-0026_jpg.rf.ea4f04cc61b42af93d69fc3c34f7efbd.jpg
583,UAV-OBB/train/images/VID20251222082657_mp4-0028_jpg.rf.6f188b18a36bf1440ad57324990e2ff8.jpg
584,UAV-OBB/train/images/VID20251222082657_mp4-0028_jpg.rf.8eb77ea655bd8091b1a6444f45425374.jpg
585,UAV-OBB/train/images/VID20251222082657_mp4-0028_jpg.rf.95dcc0460045e33df969220cc2d94fc1.jpg
586,UAV-OBB/train/images/VID20251222082657_mp4-0031_jpg.rf.097c5209c25d3f27622bbf96a60d5740.jpg
587,UAV-OBB/train/images/VID20251222082657_mp4-0031_jpg.rf.470d7d1057e45423540a47756acf6c81.jpg
588,UAV-OBB/train/images/VID20251222082657_mp4-0031_jpg.rf.4c8fe65f85dde53f767aa9b110a0e7f7.jpg
589,UAV-OBB/train/images/VID20251222082657_mp4-0032_jpg.rf.0a4a918080fb42f4acf93258be48600d.jpg
590,UAV-OBB/train/images/VID20251222082657_mp4-0032_jpg.rf.10eeb367ae3b9bf579b2f9fc62f4d9c1.jpg
591,UAV-OBB/train/images/VID20251222082657_mp4-0032_jpg.rf.af34b0f50fe298d087765696d58d3d28.jpg
592,UAV-OBB/train/images/VID20251222082657_mp4-0033_jpg.rf.4c36cbf8f4d8e0f12510a8f40337fd81.jpg
593,UAV-OBB/train/images/VID20251222082657_mp4-0033_jpg.rf.6e0ede2bf006d7a6c5ed72cd90afc089.jpg
594,UAV-OBB/train/images/VID20251222082657_mp4-0033_jpg.rf.9f3e1a61715b0b583588e466f488b1d0.jpg
595,UAV-OBB/train/images/VID20251222082657_mp4-0035_jpg.rf.631d42fbf5a941a3cad8e60cdc309ebd.jpg
596,UAV-OBB/train/images/VID20251222082657_mp4-0035_jpg.rf.ef2c560ce081a0c7252e268c29e65e4f.jpg
597,UAV-OBB/train/images/VID20251222082657_mp4-0035_jpg.rf.fa251849aab0957f5b8f3d516964aaac.jpg
598,UAV-OBB/train/images/VID20251222082657_mp4-0036_jpg.rf.a1194833c718ebf61c5e64ea5fa1202f.jpg
599,UAV-OBB/train/images/VID20251222082657_mp4-0036_jpg.rf.bcbec9231e05fb06b798a430a640ed59.jpg
600,UAV-OBB/train/images/VID20251222082657_mp4-0036_jpg.rf.fa6eb35d1f414d80ea5b9dbb9ba6ec55.jpg
601,UAV-OBB/train/images/VID20251222082657_mp4-0037_jpg.rf.5779b7eb1b9a200b4274dfdbb9c00d54.jpg
602,UAV-OBB/train/images/VID20251222082657_mp4-0037_jpg.rf.a28c53a728876eaa845dce111cecd094.jpg
603,UAV-OBB/train/images/VID20251222082657_mp4-0037_jpg.rf.ec972bc11e620cad316030040519d380.jpg
604,UAV-OBB/train/images/VID20251222082657_mp4-0039_jpg.rf.53356671633957785d654ffbdb721309.jpg
605,UAV-OBB/train/images/VID20251222082657_mp4-0039_jpg.rf.6f814fa9ead28429e55cf810ec2db659.jpg
606,UAV-OBB/train/images/VID20251222082657_mp4-0039_jpg.rf.a4599ee68f3791b701c571db0afd7552.jpg
607,UAV-OBB/train/images/VID20251222082657_mp4-0040_jpg.rf.43eb0306aa8316ba2a3f998a7097213d.jpg
608,UAV-OBB/train/images/VID20251222082657_mp4-0040_jpg.rf.4c34ab43852e768a86c706197c37f35d.jpg
609,UAV-OBB/train/images/VID20251222082657_mp4-0040_jpg.rf.55c968fc6d66f6f0dbc13eb2fba45dae.jpg
610,UAV-OBB/train/images/VID20251222082657_mp4-0042_jpg.rf.1eace4687618d88e2dcbe7aa3c46ad46.jpg
611,UAV-OBB/train/images/VID20251222082657_mp4-0042_jpg.rf.b3914fa545b032dd29c2ff4e4adea42b.jpg
612,UAV-OBB/train/images/VID20251222082657_mp4-0042_jpg.rf.bd9cc033589423faccee7899dcc9f284.jpg
613,UAV-OBB/train/images/VID20251222082657_mp4-0043_jpg.rf.4428d931a92defb4887ffec1ce298445.jpg
614,UAV-OBB/train/images/VID20251222082657_mp4-0043_jpg.rf.89545d44a61d787994858624a360d952.jpg
615,UAV-OBB/train/images/VID20251222082657_mp4-0043_jpg.rf.a2850db536432146c4981da685f1bb38.jpg
616,UAV-OBB/train/images/VID20251222082657_mp4-0044_jpg.rf.368d3d2f565f2720d1de62112a552b23.jpg
617,UAV-OBB/train/images/VID20251222082657_mp4-0044_jpg.rf.66c22fca3996d6d33810ebfc67648cc0.jpg
618,UAV-OBB/train/images/VID20251222082657_mp4-0044_jpg.rf.d595befa5204b80dcb64b1ea2d350958.jpg
619,UAV-OBB/train/images/VID20251222082657_mp4-0047_jpg.rf.9c6e012203d6efaf069414b1ec4f03da.jpg
620,UAV-OBB/train/images/VID20251222082657_mp4-0047_jpg.rf.a65ffc4cc5a81fe194175cace00984b3.jpg
621,UAV-OBB/train/images/VID20251222082657_mp4-0047_jpg.rf.c90f32a51ee34ab99cc99dea4ef02c4f.jpg
622,UAV-OBB/train/images/VID20251222082657_mp4-0048_jpg.rf.03b6f06235e702f1ff60778b9fc5b093.jpg
623,UAV-OBB/train/images/VID20251222082657_mp4-0048_jpg.rf.14d89950c7b625a0e521ca8c85524a3d.jpg
624,UAV-OBB/train/images/VID20251222082657_mp4-0048_jpg.rf.6c1d42e5a2e975874174f075c1fa3fdc.jpg
625,UAV-OBB/train/images/VID20251222082657_mp4-0051_jpg.rf.4338ba528bda30c402eba8f1ff1ee388.jpg
626,UAV-OBB/train/images/VID20251222082657_mp4-0051_jpg.rf.c3af209e50733613f0b73c66c92e94b3.jpg
627,UAV-OBB/train/images/VID20251222082657_mp4-0051_jpg.rf.d2e38646d60472ad99fcdb5596c2afef.jpg
628,UAV-OBB/train/images/VID20251222082657_mp4-0052_jpg.rf.085a483267a1e1574c49360f0353f9ea.jpg
629,UAV-OBB/train/images/VID20251222082657_mp4-0052_jpg.rf.62ea7905c9d22ec3764ec1c39758402e.jpg
630,UAV-OBB/train/images/VID20251222082657_mp4-0052_jpg.rf.732beddd553317b504a79418aee735fc.jpg
631,UAV-OBB/train/images/VID20251222082657_mp4-0053_jpg.rf.180b38062a857b074d0878e0fe5145a2.jpg
632,UAV-OBB/train/images/VID20251222082657_mp4-0053_jpg.rf.2247c042bc775361bef72db4f8d9b91c.jpg
633,UAV-OBB/train/images/VID20251222082657_mp4-0053_jpg.rf.2c8ddcc2e5b28fdca5c749a82dc8a56b.jpg
634,UAV-OBB/train/images/VID20251222082657_mp4-0054_jpg.rf.33b770f2257ca3a19054e0a28b265c9a.jpg
635,UAV-OBB/train/images/VID20251222082657_mp4-0054_jpg.rf.559a2494e054110e55a16f7a8e5e85de.jpg
636,UAV-OBB/train/images/VID20251222082657_mp4-0054_jpg.rf.caf5cdc639f90e8be129af1b3b12e39d.jpg
637,UAV-OBB/train/images/VID20251222082657_mp4-0055_jpg.rf.1774fa5c5a6a2779fed5ae391cadb6ab.jpg
638,UAV-OBB/train/images/VID20251222082657_mp4-0055_jpg.rf.9b845dfc98b5744845df10785457cd08.jpg
639,UAV-OBB/train/images/VID20251222082657_mp4-0055_jpg.rf.ce837db10e59d5d0b3292ed56da903b3.jpg
640,UAV-OBB/train/images/VID20251222082657_mp4-0058_jpg.rf.20478edb808a8bab9e36dcfe5137cbd7.jpg
641,UAV-OBB/train/images/VID20251222082657_mp4-0058_jpg.rf.64c654e3d8352781e0a7419c58965542.jpg
642,UAV-OBB/train/images/VID20251222082657_mp4-0058_jpg.rf.e239428ab3387df304fe17322e85b72c.jpg
643,UAV-OBB/train/images/VID20251222082657_mp4-0059_jpg.rf.01a05873e1894ebe8fbbb6ef33ec9e3f.jpg
644,UAV-OBB/train/images/VID20251222082657_mp4-0059_jpg.rf.6aa6e426c31aa5759a3b5880d2584425.jpg
645,UAV-OBB/train/images/VID20251222082657_mp4-0059_jpg.rf.d10075262d19b507addcc5a579736773.jpg
646,UAV-OBB/train/images/VID20251222082657_mp4-0064_jpg.rf.6169993ff3078e03ee3aa5c13985970c.jpg
647,UAV-OBB/train/images/VID20251222082657_mp4-0064_jpg.rf.da3bf754c912e68137d4af566168def9.jpg
648,UAV-OBB/train/images/VID20251222082657_mp4-0064_jpg.rf.f726f1dcb86afbea066595da30972bf0.jpg
649,UAV-OBB/train/images/VID20251222082657_mp4-0068_jpg.rf.0125e284a3ef5c8b986179ab9341ee98.jpg
650,UAV-OBB/train/images/VID20251222082657_mp4-0068_jpg.rf.9f817661689251071f7de6b88665f4a9.jpg
651,UAV-OBB/train/images/VID20251222082657_mp4-0068_jpg.rf.a47ad6aa05829071f41a0138694880c3.jpg
652,UAV-OBB/train/images/VID20251222082657_mp4-0070_jpg.rf.6adf662e98d983e6d4c7cd09dff03ebc.jpg
653,UAV-OBB/train/images/VID20251222082657_mp4-0070_jpg.rf.70ada28deb39580eea8bfd4ea363b5de.jpg
654,UAV-OBB/train/images/VID20251222082657_mp4-0070_jpg.rf.ea389d8c19ff511a4aea2fbf989b688a.jpg
655,UAV-OBB/train/images/VID20251222082657_mp4-0086_jpg.rf.28be7bd33f4bbc4fd1f4a703625c6a2d.jpg
656,UAV-OBB/train/images/VID20251222082657_mp4-0086_jpg.rf.6fffb51e388cda367c0e3a089b861b96.jpg
657,UAV-OBB/train/images/VID20251222082657_mp4-0086_jpg.rf.f06d9e62bf5310b874579d2fae2393a9.jpg
658,UAV-OBB/train/images/VID20251222082657_mp4-0090_jpg.rf.a3de6b0507ae07eeda67014c8b33cd68.jpg
659,UAV-OBB/train/images/VID20251222082657_mp4-0090_jpg.rf.aa209e1c96751210d958077705ba159d.jpg
660,UAV-OBB/train/images/VID20251222082657_mp4-0090_jpg.rf.f473c1db98554accf20ca4c50dcd2179.jpg
661,UAV-OBB/train/images/VID20251222082657_mp4-0116_jpg.rf.8d3e80d7b1753d1ac203264954cf192f.jpg
662,UAV-OBB/train/images/VID20251222082657_mp4-0116_jpg.rf.aa21f972e2d4bae4c5ba58c4bcba6d30.jpg
663,UAV-OBB/train/images/VID20251222082657_mp4-0116_jpg.rf.fd2b72ab2f8800dbdd1ef767581d99d3.jpg
664,UAV-OBB/train/images/VID20251222082657_mp4-0299_jpg.rf.1abc7ece43b0c8479d7ee3729f6327f3.jpg
665,UAV-OBB/train/images/VID20251222082657_mp4-0299_jpg.rf.33b68cc82c2f9b6c28857efd8ff5e0ab.jpg
666,UAV-OBB/train/images/VID20251222082657_mp4-0299_jpg.rf.cc03e346bc13b5c040e7d62853f11574.jpg
667,UAV-OBB/train/images/VID20251222082657_mp4-0311_jpg.rf.58bdc0fbe03e9710347878fa23ede995.jpg
668,UAV-OBB/train/images/VID20251222082657_mp4-0311_jpg.rf.6c47a5ca6d822edde795ff2aa62accf2.jpg
669,UAV-OBB/train/images/VID20251222082657_mp4-0311_jpg.rf.eada2ae34ebc41c49100a39fbacd84da.jpg
670,UAV-OBB/train/images/VID20251222082657_mp4-0312_jpg.rf.4aa1c97d0fdd8d4011e3ebf088280ed2.jpg
671,UAV-OBB/train/images/VID20251222082657_mp4-0312_jpg.rf.5b30784a774f21deaa5065fcec1afc24.jpg
672,UAV-OBB/train/images/VID20251222082657_mp4-0312_jpg.rf.be32b517c1589a94fcd4bb0bf6e81e2e.jpg
673,UAV-OBB/train/images/VID20251222082657_mp4-0321_jpg.rf.050ae3b86ccf6cdf9dedc2d4200fc1fa.jpg
674,UAV-OBB/train/images/VID20251222082657_mp4-0321_jpg.rf.844e3f504fb4277277eb362b2c33b988.jpg
675,UAV-OBB/train/images/VID20251222082657_mp4-0321_jpg.rf.c7cba6fe0d967a47d3e04650faafe26e.jpg
676,UAV-OBB/train/images/VID20251222082657_mp4-0325_jpg.rf.8a2584c2c888f2319fa3106eae4bfbe6.jpg
677,UAV-OBB/train/images/VID20251222082657_mp4-0325_jpg.rf.be00657051586a7ee442e08a79c638a5.jpg
678,UAV-OBB/train/images/VID20251222082657_mp4-0325_jpg.rf.df7cd345599c77dfb7777a84e98ee311.jpg
679,UAV-OBB/train/images/VID20251222082657_mp4-0326_jpg.rf.21c88dc428a48beebe60138b769c7f8d.jpg
680,UAV-OBB/train/images/VID20251222082657_mp4-0326_jpg.rf.71ffcb6bc827ce3c0f7075e6f5ce0adf.jpg
681,UAV-OBB/train/images/VID20251222082657_mp4-0326_jpg.rf.b61ca2c13d526bca866b5c537d01f148.jpg
682,UAV-OBB/train/images/VID20251222082657_mp4-0333_jpg.rf.0a1ba3721ed556ba8bef2d9730f77597.jpg
683,UAV-OBB/train/images/VID20251222082657_mp4-0333_jpg.rf.7f20e103e38283e66dded5dae5bf396d.jpg
684,UAV-OBB/train/images/VID20251222082657_mp4-0333_jpg.rf.da51b93bbd4b27c00b87bcbebc85e8d2.jpg
685,UAV-OBB/train/images/VID20251222082657_mp4-0569_jpg.rf.0b7b5936e3f0dc9a3bf157586f84f969.jpg
686,UAV-OBB/train/images/VID20251222082657_mp4-0569_jpg.rf.b90d28f565ffc5ea1bf8dcd147ba8f26.jpg
687,UAV-OBB/train/images/VID20251222082657_mp4-0569_jpg.rf.bd2de51513bfc63a17af2e3e8b28afa8.jpg
688,UAV-OBB/train/images/VID20251222082657_mp4-0578_jpg.rf.c1b3626f46fea2dd5186505736abd91b.jpg
689,UAV-OBB/train/images/VID20251222082657_mp4-0578_jpg.rf.c48f55742d45d11b1e246219c15cd05d.jpg
690,UAV-OBB/train/images/VID20251222082657_mp4-0578_jpg.rf.cce5995c5d8ba3afb9bac4271038b1fa.jpg
691,UAV-OBB/train/images/VID20251222082657_mp4-0662_jpg.rf.5d696e0bc884a958578e48d6c256c8e5.jpg
692,UAV-OBB/train/images/VID20251222082657_mp4-0662_jpg.rf.8df1bba3f6689320e74d6f792370057a.jpg
693,UAV-OBB/train/images/VID20251222082657_mp4-0662_jpg.rf.c32053f900d146a52d062d3428a2cf9a.jpg
694,UAV-OBB/train/images/VID20251222161918_mp4-0000_jpg.rf.08d42a4b77382a0d5b5a9e55cad7d7bb.jpg
695,UAV-OBB/train/images/VID20251222161918_mp4-0000_jpg.rf.0f6ddb15676385e8dd68eb1d04081eb7.jpg
696,UAV-OBB/train/images/VID20251222161918_mp4-0000_jpg.rf.da8294f4b22be1e7bb35e3d9b1691d67.jpg
697,UAV-OBB/train/images/VID20251222161918_mp4-0002_jpg.rf.0bc6d87aed91ed465c14fcc10f173505.jpg
698,UAV-OBB/train/images/VID20251222161918_mp4-0002_jpg.rf.822d95e9e4f4beb3a1ade8fc5abd2412.jpg
699,UAV-OBB/train/images/VID20251222161918_mp4-0002_jpg.rf.d9231bcb0e2efba604fc106c496c4224.jpg
700,UAV-OBB/train/images/VID20251222161918_mp4-0003_jpg.rf.7196e3506f5f12965e25aa1a47113d72.jpg
701,UAV-OBB/train/images/VID20251222161918_mp4-0003_jpg.rf.d2d580af1f69fbdbb957f7f8d01a2010.jpg
702,UAV-OBB/train/images/VID20251222161918_mp4-0003_jpg.rf.f62b3bb9c23340cd3101841d667113c5.jpg
703,UAV-OBB/train/images/VID20251222161918_mp4-0008_jpg.rf.3fd38aaa519c0b102de500bd6f5380c5.jpg
704,UAV-OBB/train/images/VID20251222161918_mp4-0008_jpg.rf.c0b2add0f2c511af08661f962f2ef57d.jpg
705,UAV-OBB/train/images/VID20251222161918_mp4-0008_jpg.rf.f566f9a736b2975218f246516d114486.jpg
706,UAV-OBB/train/images/VID20251222161918_mp4-0017_jpg.rf.ce60ec38a74c2bcd1097409485124bac.jpg
707,UAV-OBB/train/images/VID20251222161918_mp4-0017_jpg.rf.e57ef629b6b5406f6d995bc2eee6f43f.jpg
708,UAV-OBB/train/images/VID20251222161918_mp4-0017_jpg.rf.eb131505c8ae13db0608fb31c41d4d90.jpg
709,UAV-OBB/train/images/VID20251222161918_mp4-0019_jpg.rf.42d25e8eaeed40679bfc41b94ba28616.jpg
710,UAV-OBB/train/images/VID20251222161918_mp4-0019_jpg.rf.6621cf87fac5153e8995871dfe2f053d.jpg
711,UAV-OBB/train/images/VID20251222161918_mp4-0019_jpg.rf.c9fcf2e91039510dda5e9786e607a0c2.jpg
712,UAV-OBB/train/images/VID20251222161918_mp4-0025_jpg.rf.2c730caf48544bfb9e80772b1157d2c8.jpg
713,UAV-OBB/train/images/VID20251222161918_mp4-0025_jpg.rf.5e2b0cbcc92db76459adc290a5759e2c.jpg
714,UAV-OBB/train/images/VID20251222161918_mp4-0025_jpg.rf.e13b49dc63fc784dd2d598683f692a0e.jpg
715,UAV-OBB/train/images/VID20251222161918_mp4-0027_jpg.rf.851733ac2a90c9a6f74d911d7d5204df.jpg
716,UAV-OBB/train/images/VID20251222161918_mp4-0027_jpg.rf.de0cb211616e137b0f5de02f5214a9e0.jpg
717,UAV-OBB/train/images/VID20251222161918_mp4-0027_jpg.rf.df2a67697fdcc6bfeebf57d072f556f5.jpg
718,UAV-OBB/train/images/VID20251222161918_mp4-0036_jpg.rf.26374df9514f2fe2ffdccfbeff70b99c.jpg
719,UAV-OBB/train/images/VID20251222161918_mp4-0036_jpg.rf.47b6c8266c3bcd0f58e7857c25de7998.jpg
720,UAV-OBB/train/images/VID20251222161918_mp4-0036_jpg.rf.deccc8f5dd394af71560dbae52447c41.jpg
721,UAV-OBB/train/images/VID20251222161918_mp4-0038_jpg.rf.676e6ec79e92290b6321ab838e48188e.jpg
722,UAV-OBB/train/images/VID20251222161918_mp4-0038_jpg.rf.c53275bf2b66653e0e62fa5acf65e609.jpg
723,UAV-OBB/train/images/VID20251222161918_mp4-0038_jpg.rf.d2740ba67255120dda57e791259e058a.jpg
724,UAV-OBB/train/images/VID20251222161918_mp4-0039_jpg.rf.36cecf6d8588320532f1ce9f2bb04d8c.jpg
725,UAV-OBB/train/images/VID20251222161918_mp4-0039_jpg.rf.606322e8ef046e824360221b32faa09d.jpg
726,UAV-OBB/train/images/VID20251222161918_mp4-0039_jpg.rf.ea0142c7cf67b2c2727f029f77e52410.jpg
727,UAV-OBB/train/images/VID20251222161918_mp4-0047_jpg.rf.1609c2da02564902d3562354267b9501.jpg
728,UAV-OBB/train/images/VID20251222161918_mp4-0047_jpg.rf.6ae5a80938e34f8eec5d3f51ffdb5d56.jpg
729,UAV-OBB/train/images/VID20251222161918_mp4-0047_jpg.rf.8b2e6647033925db357b243daaa9812b.jpg
730,UAV-OBB/train/images/VID20251222161918_mp4-0058_jpg.rf.4223bdf33f54ab41ccb5a07b98854afa.jpg
731,UAV-OBB/train/images/VID20251222161918_mp4-0058_jpg.rf.545ab2607993a1194a6fe2c5bf1cc870.jpg
732,UAV-OBB/train/images/VID20251222161918_mp4-0058_jpg.rf.84840f014f41281a701a8a7d71780b56.jpg
733,UAV-OBB/train/images/VID20251222161918_mp4-0060_jpg.rf.1eaeaaaa0fe16e3f85f8f7098ad86b99.jpg
734,UAV-OBB/train/images/VID20251222161918_mp4-0060_jpg.rf.e03743d9752cd8f6a0ed618600ee3745.jpg
735,UAV-OBB/train/images/VID20251222161918_mp4-0060_jpg.rf.ec688e03a6c5cdef340858b7f43a4b7c.jpg
736,UAV-OBB/train/images/VID20251222161918_mp4-0063_jpg.rf.438f4d074e4a6de304bb37b832444a28.jpg
737,UAV-OBB/train/images/VID20251222161918_mp4-0063_jpg.rf.93928710998a20f0970276552c8939b6.jpg
738,UAV-OBB/train/images/VID20251222161918_mp4-0063_jpg.rf.dab189e14e2120843f2f778e82ef75cf.jpg
739,UAV-OBB/train/images/VID20251222161918_mp4-0072_jpg.rf.3c6f42b3514bb482bb8097437b581910.jpg
740,UAV-OBB/train/images/VID20251222161918_mp4-0072_jpg.rf.4192e20907b9a00df09b45869a712035.jpg
741,UAV-OBB/train/images/VID20251222161918_mp4-0072_jpg.rf.8109f748759e6bbaa218a43dcea86c43.jpg
742,UAV-OBB/train/images/VID20251222161918_mp4-0082_jpg.rf.08da71c9082f5dba89d251047bfd8e2e.jpg
743,UAV-OBB/train/images/VID20251222161918_mp4-0082_jpg.rf.0b3ffabacb9eeb6f2b70fb9429da06bf.jpg
744,UAV-OBB/train/images/VID20251222161918_mp4-0082_jpg.rf.414896fce3a13c4140624192f1df2bef.jpg
745,UAV-OBB/train/images/VID20251222161918_mp4-0099_jpg.rf.65ea2c57d914b0e610eeb0a8235cea49.jpg
746,UAV-OBB/train/images/VID20251222161918_mp4-0099_jpg.rf.f0a2088b97c2eadb3dd5dd5893b62f14.jpg
747,UAV-OBB/train/images/VID20251222161918_mp4-0099_jpg.rf.f657a8308624555bae3eda45c8c8a09b.jpg
748,UAV-OBB/train/images/VID20251222161918_mp4-0102_jpg.rf.468e0120875521a596c5d6d8939bf242.jpg
749,UAV-OBB/train/images/VID20251222161918_mp4-0102_jpg.rf.6f92b8f4b4bca7b441a26cb854504bd0.jpg
750,UAV-OBB/train/images/VID20251222161918_mp4-0102_jpg.rf.a7b3c64bf0722248e693244ea39b39e9.jpg
751,UAV-OBB/train/images/VID20251222161918_mp4-0113_jpg.rf.56f3ddcac510552e4f2efe73d532ae31.jpg
752,UAV-OBB/train/images/VID20251222161918_mp4-0113_jpg.rf.84fbbda344498b7a4c1016d545d31202.jpg
753,UAV-OBB/train/images/VID20251222161918_mp4-0113_jpg.rf.df3f5cd8757544593363ab57bc28bb5c.jpg
754,UAV-OBB/train/images/VID20251222161918_mp4-0115_jpg.rf.836e76d797d1efa023be2fca2c70f2d2.jpg
755,UAV-OBB/train/images/VID20251222161918_mp4-0115_jpg.rf.8b8cb85ea68e581e66a6a6ece94e2e72.jpg
756,UAV-OBB/train/images/VID20251222161918_mp4-0115_jpg.rf.b7b5ce8def5b7ee6d81c6395d2d7da0a.jpg
757,UAV-OBB/train/images/VID20251228123433_frame_014_jpg.rf.04a3e110561e8bae74db59b080b12e50.jpg
758,UAV-OBB/train/images/VID20251228123433_frame_014_jpg.rf.33999f10ca71eb7377898307fcdf311b.jpg
759,UAV-OBB/train/images/VID20251228123433_frame_014_jpg.rf.a10b45f783ab71c90bc6bd793922da09.jpg
760,UAV-OBB/train/images/VID20251228123433_frame_015_jpg.rf.447544daf34bee30ec41c11929e0b1ea.jpg
761,UAV-OBB/train/images/VID20251228123433_frame_015_jpg.rf.92f3c56fa5673ee017e49a8d3c88bd9e.jpg
762,UAV-OBB/train/images/VID20251228123433_frame_015_jpg.rf.d84f93d10ac5e0c7377b526977555b1a.jpg
763,UAV-OBB/train/images/VID20251228123433_frame_016_jpg.rf.14712439791aff210b81b9291cc24a6a.jpg
764,UAV-OBB/train/images/VID20251228123433_frame_016_jpg.rf.a13d64ba95a23c07afa574c970692cd5.jpg
765,UAV-OBB/train/images/VID20251228123433_frame_016_jpg.rf.f06ae7c970f09640dda3e0da84679e21.jpg
766,UAV-OBB/train/images/VID20251228123433_frame_017_jpg.rf.95426b88896fac993d10880735752020.jpg
767,UAV-OBB/train/images/VID20251228123433_frame_017_jpg.rf.a6e8f53bce73688d0e29466d9046ad6e.jpg
768,UAV-OBB/train/images/VID20251228123433_frame_017_jpg.rf.ae97c145bc77ff23069c2aaa59169745.jpg
769,UAV-OBB/train/images/VID20251228123433_frame_019_jpg.rf.3174b289c5f7424536e70aa065da1513.jpg
770,UAV-OBB/train/images/VID20251228123433_frame_019_jpg.rf.3c292eef242a817ede364a4997dc12a0.jpg
771,UAV-OBB/train/images/VID20251228123433_frame_019_jpg.rf.e89dd5a1bcb3fa4ddea0966b08b161df.jpg
772,UAV-OBB/train/images/VID20251228123433_frame_020_jpg.rf.523c02a7fe4de10812c2e44422a216b4.jpg
773,UAV-OBB/train/images/VID20251228123433_frame_020_jpg.rf.d6cdcf3db0ffeca4d30cb9a8fa8398aa.jpg
774,UAV-OBB/train/images/VID20251228123433_frame_020_jpg.rf.debb45086515a852f4a7bbf67f04560e.jpg
775,UAV-OBB/train/images/VID20251228123433_frame_022_jpg.rf.30f429a16d082f84c30aacdc37e5fa39.jpg
776,UAV-OBB/train/images/VID20251228123433_frame_022_jpg.rf.5b949de6718eb5dd04e7172687779877.jpg
777,UAV-OBB/train/images/VID20251228123433_frame_022_jpg.rf.c30421891452ebedf3a9da8bd9733bcc.jpg
778,UAV-OBB/train/images/VID20251228123433_frame_023_jpg.rf.85d3a9798a8ba07e542f38007d65510e.jpg
779,UAV-OBB/train/images/VID20251228123433_frame_023_jpg.rf.a8dcf236c926fb225b47eec9a6925ee7.jpg
780,UAV-OBB/train/images/VID20251228123433_frame_023_jpg.rf.c104298bbc31956ef1d20635da6dd927.jpg
781,UAV-OBB/train/images/VID20251228123433_frame_024_jpg.rf.102ffc46fda80b5044fb630508c677e1.jpg
782,UAV-OBB/train/images/VID20251228123433_frame_024_jpg.rf.4e2da601936d57a428e20cb9086e29c6.jpg
783,UAV-OBB/train/images/VID20251228123433_frame_024_jpg.rf.546113b14ac7f3a5f1638e706c73ba1b.jpg
784,UAV-OBB/train/images/VID20251228132432_frame_003_jpg.rf.2906b21b4969066c3d7e56fa2f806b6e.jpg
785,UAV-OBB/train/images/VID20251228132432_frame_003_jpg.rf.6c559f6fe5c348b47e74f326025c3658.jpg
786,UAV-OBB/train/images/VID20251228132432_frame_003_jpg.rf.7a3f5af68f056285c33ce96831058e34.jpg
787,UAV-OBB/train/images/VID20251228132432_frame_006_jpg.rf.a787dd257d4f5e19e19f644c8e0478ab.jpg
788,UAV-OBB/train/images/VID20251228132432_frame_006_jpg.rf.b530e264ff48b6dd2c011649c5ca762a.jpg
789,UAV-OBB/train/images/VID20251228132432_frame_006_jpg.rf.c7a0618b22dd8129aa799589339d0fb2.jpg
790,UAV-OBB/train/images/VID20251228132432_frame_007_jpg.rf.8387aefa1f018cefa968cef2c9045cae.jpg
791,UAV-OBB/train/images/VID20251228132432_frame_007_jpg.rf.8eb67d32456e7ccf2415597583b9f7c6.jpg
792,UAV-OBB/train/images/VID20251228132432_frame_007_jpg.rf.d819e6b1c20cb24c0cabc5e7035b1a49.jpg
793,UAV-OBB/train/images/VID20251228132432_frame_008_jpg.rf.1788f77dec8f876d946755f202dfff8e.jpg
794,UAV-OBB/train/images/VID20251228132432_frame_008_jpg.rf.85b5af40bf65d0b8d9222a05ca6ce4e6.jpg
795,UAV-OBB/train/images/VID20251228132432_frame_008_jpg.rf.eba8e6153730b76271859297ba58f55b.jpg
796,UAV-OBB/train/images/VID20251228132432_frame_009_jpg.rf.b68a7c61f67be0583ffec6b292441fdd.jpg
797,UAV-OBB/train/images/VID20251228132432_frame_009_jpg.rf.bcae1419ed2a9b184acc722e17ebcb78.jpg
798,UAV-OBB/train/images/VID20251228132432_frame_009_jpg.rf.f9d49d6fef117427a395162cf4e16b4e.jpg
799,UAV-OBB/train/images/VID20251228132432_frame_010_jpg.rf.12644c47add9d6cb1c6d66c13a300bf5.jpg
800,UAV-OBB/train/images/VID20251228132432_frame_010_jpg.rf.82d711246d54e19c556b4a8cd5b6ee4a.jpg
801,UAV-OBB/train/images/VID20251228132432_frame_010_jpg.rf.a919859ae1cfd4956857e34519f08bf2.jpg
802,UAV-OBB/train/images/VID20251228132432_frame_012_jpg.rf.5582e8fa2bd66c21c9aebdb44eb46c9a.jpg
803,UAV-OBB/train/images/VID20251228132432_frame_012_jpg.rf.7b315be6ceccc841d9bae84f965fd2ce.jpg
804,UAV-OBB/train/images/VID20251228132432_frame_012_jpg.rf.ad4cc6df7ca7980c6fc6f89053f8cd27.jpg
805,UAV-OBB/train/images/VID20251230173058_frame_002_jpg.rf.2e24a6095ef2f5bd31d00016684644ef.jpg
806,UAV-OBB/train/images/VID20251230173058_frame_002_jpg.rf.346a89430164ba5a9e4a83de5ed31e7c.jpg
807,UAV-OBB/train/images/VID20251230173058_frame_002_jpg.rf.9173d2233154a0453c69ad3215657fbe.jpg
808,UAV-OBB/train/images/VID20251230173058_frame_003_jpg.rf.117c0f638a256247562b140831fbfaaa.jpg
809,UAV-OBB/train/images/VID20251230173058_frame_003_jpg.rf.239d1bd4e9b5cc5f6aba82c49ad8baa7.jpg
810,UAV-OBB/train/images/VID20251230173058_frame_003_jpg.rf.56abbed11d14aede6255d98cf0fee322.jpg
811,UAV-OBB/train/images/VID20251230173130_frame_001_jpg.rf.1537619bf0830f211b6f3b34e2df8304.jpg
812,UAV-OBB/train/images/VID20251230173130_frame_001_jpg.rf.1537619bf0830f211b6f3b34e2df8304a.jpg
813,UAV-OBB/train/images/VID20251230173130_frame_001_jpg.rf.23c984d52a8de489e2c19df83dcd957d.jpg
814,UAV-OBB/train/images/VID20251230173130_frame_001_jpg.rf.48c0c687a2799e7a8c39dba4dd3f616e.jpg
815,UAV-OBB/train/images/VID20251230173130_frame_001_jpg.rf.b12c3a258a530f994d09ecf664e6f88c.jpg
816,UAV-OBB/train/images/VID20251230173130_frame_001_jpg.rf.cb6bdb92fda5c948271f370161779959.jpg
817,UAV-OBB/train/images/VID20251230173143_frame_006_jpg.rf.00337812ba2a2b4b6e9c76c98ffd1a04.jpg
818,UAV-OBB/train/images/VID20251230173143_frame_006_jpg.rf.0597101e21a6fccc05c0ff9457fe157e.jpg
819,UAV-OBB/train/images/VID20251230173143_frame_006_jpg.rf.7a5a5b8e32b6f2a0a0ae41fa707c0a59.jpg
820,UAV-OBB/train/images/VID20251230173143_frame_008_jpg.rf.7a9a485cdc8f33621273b7f5eeca3399.jpg
821,UAV-OBB/train/images/VID20251230173143_frame_008_jpg.rf.e9d4a4747998518d1766a8c4730807a6.jpg
822,UAV-OBB/train/images/VID20251230173143_frame_008_jpg.rf.f74867aabebcdf02e6fddf52c8fd5884.jpg
823,UAV-OBB/train/images/VID20251230173143_frame_009_jpg.rf.4de029a51e5a170d87fac0a7f79ffb1e.jpg
824,UAV-OBB/train/images/VID20251230173143_frame_009_jpg.rf.8b78d15c3ce66af91f1f4f9068bc448a.jpg
825,UAV-OBB/train/images/VID20251230173143_frame_009_jpg.rf.9966d938fac343ed8d2c335f84ac11ee.jpg
826,UAV-OBB/train/images/VID20251230173143_frame_010_jpg.rf.0f085b442948f302be3e269047a8e1bf.jpg
827,UAV-OBB/train/images/VID20251230173143_frame_010_jpg.rf.70c681f8ef3a32b1f347d616c7814b2a.jpg
828,UAV-OBB/train/images/VID20251230173143_frame_010_jpg.rf.7d14bcf305a4ad2962c7e9c2e3b19530.jpg
829,UAV-OBB/train/images/VID20260303081830_frame_002_jpg.rf.021e17add71d538852b1fc2a9a9d62b2.jpg
830,UAV-OBB/train/images/VID20260303081830_frame_002_jpg.rf.8e334aac1daf79b6bafea6cc5b7cbbea.jpg
831,UAV-OBB/train/images/VID20260303081830_frame_002_jpg.rf.a936eabd92a32a380fd5c556a1416324.jpg
832,UAV-OBB/train/images/VID20260303081830_frame_004_jpg.rf.23a80b3409ba54e878e4c470f24b2d00.jpg
833,UAV-OBB/train/images/VID20260303081830_frame_004_jpg.rf.376e843cb9aee27d0f62ab7b743de420.jpg
834,UAV-OBB/train/images/VID20260303081830_frame_004_jpg.rf.fcdfd2a2788c7fe1c63aeca554df22bf.jpg
835,UAV-OBB/train/images/VID20260303081830_frame_005_jpg.rf.0d0fe10fb94fe98610494508bd14c3ba.jpg
836,UAV-OBB/train/images/VID20260303081830_frame_005_jpg.rf.8ca322653cdf61f4b6d9ca978c21d5e1.jpg
837,UAV-OBB/train/images/VID20260303081830_frame_005_jpg.rf.9ebf3b645a6c3c0f8c96efa133857ef2.jpg
838,UAV-OBB/train/images/VID20260303081830_frame_006_jpg.rf.27245b1df705ea042094eb4d6b47f799.jpg
839,UAV-OBB/train/images/VID20260303081830_frame_006_jpg.rf.45aec955a4b8e29d8359774e3bcc7ee7.jpg
840,UAV-OBB/train/images/VID20260303081830_frame_006_jpg.rf.dfe577442ad5bd159610d11427bcb07b.jpg
841,UAV-OBB/train/images/VID20260303081830_frame_010_jpg.rf.17bd852a662f6343d563a124752972f6.jpg
842,UAV-OBB/train/images/VID20260303081830_frame_010_jpg.rf.a05450b4652d65b5a8625eeb106987e5.jpg
843,UAV-OBB/train/images/VID20260303081830_frame_010_jpg.rf.e5b217a68b263d89180fec5869036b8d.jpg
844,UAV-OBB/train/images/VID20260303081830_frame_011_jpg.rf.9cbf796c1d90b0f751381617e0760f72.jpg
845,UAV-OBB/train/images/VID20260303081830_frame_011_jpg.rf.aa91d36a43a2fecc02cfb35be1b2e6ba.jpg
846,UAV-OBB/train/images/VID20260303081830_frame_011_jpg.rf.b519e887966f5b8ae40352a21884d489.jpg
847,UAV-OBB/train/images/VID20260303081830_frame_012_jpg.rf.42451b33a33148bf88434773bd63c009.jpg
848,UAV-OBB/train/images/VID20260303081830_frame_012_jpg.rf.b1f2246575d4c05a4e68e9cd5766484e.jpg
849,UAV-OBB/train/images/VID20260303081830_frame_012_jpg.rf.e533313b546dca9b17c9086216506b0f.jpg
850,UAV-OBB/train/images/VID20260306093514_frame_003_jpg.rf.4ef62ea7dd58909540c5853f02b02eee.jpg
851,UAV-OBB/train/images/VID20260306093514_frame_003_jpg.rf.b3c98eb99893f297e677220b32ad26fe.jpg
852,UAV-OBB/train/images/VID20260306093514_frame_003_jpg.rf.bf141c3403efa0f43b3d3928e955d7bb.jpg
853,UAV-OBB/train/images/VID20260306093514_frame_004_jpg.rf.2d6389e091e2d63a9f01c60f2a5eceef.jpg
854,UAV-OBB/train/images/VID20260306093514_frame_004_jpg.rf.6c8e772a6f5187af19fda0223e7cd383.jpg
855,UAV-OBB/train/images/VID20260306093514_frame_004_jpg.rf.ad00d91bf44ea79db5ef29b9b70d730f.jpg
856,UAV-OBB/train/images/VID20260306093514_frame_005_jpg.rf.20c13c033f1b2d7d085de6a8015f3eab.jpg
857,UAV-OBB/train/images/VID20260306093514_frame_005_jpg.rf.7a93d413115bb69e565a33f9c5f72dc7.jpg
858,UAV-OBB/train/images/VID20260306093514_frame_005_jpg.rf.b21d50ed1b9f68d4c41fb0cfa3f383bf.jpg
859,UAV-OBB/train/images/VID20260306093514_frame_007_jpg.rf.06385d9f2b0e9957bce39da3c0d1dd83.jpg
860,UAV-OBB/train/images/VID20260306093514_frame_007_jpg.rf.5f05d1551aea204b6bca6e55310563cb.jpg
861,UAV-OBB/train/images/VID20260306093514_frame_007_jpg.rf.afe96035cde6e837cd7735e75d3d16f2.jpg
862,UAV-OBB/train/images/VID20260306170602_frame_003_jpg.rf.be3493756b2998f001ce84abd5572a26.jpg
863,UAV-OBB/train/images/VID20260306170602_frame_003_jpg.rf.c26e5eb14d361d5e81cdc498304f46b6.jpg
864,UAV-OBB/train/images/VID20260306170602_frame_003_jpg.rf.f6c9b759534961b33828bbd9627cae7f.jpg
865,UAV-OBB/train/images/VID20260306170602_frame_008_jpg.rf.60eb8ea9cef7d7e64516ecf36470be03.jpg
866,UAV-OBB/train/images/VID20260306170602_frame_008_jpg.rf.7c84d23998839149dc2053a525796cd0.jpg
867,UAV-OBB/train/images/VID20260306170602_frame_008_jpg.rf.d6d5dd6e8985a6559bb167443ebd1e95.jpg
868,UAV-OBB/train/images/VID20260306170602_frame_009_jpg.rf.6a4962d2fd009eb20299847224664601.jpg
869,UAV-OBB/train/images/VID20260306170602_frame_009_jpg.rf.9f88fa4764e5fb27d212f7b30d5436e8.jpg
870,UAV-OBB/train/images/VID20260306170602_frame_009_jpg.rf.eba7ffb2062df2cbf0713cf0ac093408.jpg
871,UAV-OBB/train/images/VID20260306170602_frame_010_jpg.rf.9803fdda50989a3cf33c21d1a064338a.jpg
872,UAV-OBB/train/images/VID20260306170602_frame_010_jpg.rf.f9966b5edb7b4b6208cd33adacabf287.jpg
873,UAV-OBB/train/images/VID20260306170602_frame_010_jpg.rf.fdab4cdff3465130fa2542cfca3aa3cc.jpg
874,UAV-OBB/train/images/VID20260306170602_frame_013_jpg.rf.31d15bbbe746235dbbf6d1b8488970cb.jpg
875,UAV-OBB/train/images/VID20260306170602_frame_013_jpg.rf.def20929329b7be4afdf7ce028d6c8f0.jpg
876,UAV-OBB/train/images/VID20260306170602_frame_013_jpg.rf.ee3a55e50df4d2f8d9e928b742d234ae.jpg
877,UAV-OBB/train/images/VID20260306170602_frame_016_jpg.rf.691e02f9888207f812de360758b1627a.jpg
878,UAV-OBB/train/images/VID20260306170602_frame_016_jpg.rf.c2e9d31dc6b0147cae0f14d1f6f446c2.jpg
879,UAV-OBB/train/images/VID20260306170602_frame_016_jpg.rf.f4d40d921fab31453e86612ab20a8d8c.jpg
880,UAV-OBB/train/images/VID20260306170602_frame_017_jpg.rf.008d15bdbb0a14795a1f949ca5e5a1c2.jpg
881,UAV-OBB/train/images/VID20260306170602_frame_017_jpg.rf.24a71c605eb9062a86c618d26f3846d5.jpg
882,UAV-OBB/train/images/VID20260306170602_frame_017_jpg.rf.4124a9a751b92c4f474ae542462c24cd.jpg
883,UAV-OBB/train/images/VID20260306170602_frame_018_jpg.rf.53682a5d44eb8777f67194695b7376f8.jpg
884,UAV-OBB/train/images/VID20260306170602_frame_018_jpg.rf.64fb8efac3d116974fbce8915dbeb250.jpg
885,UAV-OBB/train/images/VID20260306170602_frame_018_jpg.rf.c4e93f2fd5eefe39e65a891a314ff958.jpg
886,UAV-OBB/train/images/VID20260306170602_frame_020_jpg.rf.14c870ff6ca4f77d9a279bdb794e08e1.jpg
887,UAV-OBB/train/images/VID20260306170602_frame_020_jpg.rf.1916c31dde6d5664be9ce122310d5848.jpg
888,UAV-OBB/train/images/VID20260306170602_frame_020_jpg.rf.983fbeec6436c3c2f4a380a1a993e69b.jpg
889,UAV-OBB/train/images/VID20260306170602_frame_023_jpg.rf.47e29b79601c13ea9650d1e59fcbf698.jpg
890,UAV-OBB/train/images/VID20260306170602_frame_023_jpg.rf.61a20b4f41e1a16d79cc23a767c22561.jpg
891,UAV-OBB/train/images/VID20260306170602_frame_023_jpg.rf.874cdcbf6e77478c94d7076438e876fa.jpg
892,UAV-OBB/train/images/VID20260306170602_frame_024_jpg.rf.4c2c98f4d6026b8196db91568d6ea811.jpg
893,UAV-OBB/train/images/VID20260306170602_frame_024_jpg.rf.794a0e2e259f683482a7e4eb786902a9.jpg
894,UAV-OBB/train/images/VID20260306170602_frame_024_jpg.rf.95b6289c160d99504b6297687b2bb788.jpg
895,UAV-OBB/train/images/VID20260306170602_frame_026_jpg.rf.006541c239eeb5b8b2e797b70a68b3a2.jpg
896,UAV-OBB/train/images/VID20260306170602_frame_026_jpg.rf.b74fc0ce3c617697f7af3c7fb510ca42.jpg
897,UAV-OBB/train/images/VID20260306170602_frame_026_jpg.rf.cf82cd6b4e55250e4a839941576e7c29.jpg
898,UAV-OBB/train/images/VID20260306170602_frame_027_jpg.rf.8a31d0122402174476ce23c5f00a3855.jpg
899,UAV-OBB/train/images/VID20260306170602_frame_027_jpg.rf.926fe202dee2a589bdb7f841c0b61701.jpg
900,UAV-OBB/train/images/VID20260306170602_frame_027_jpg.rf.ec9893c02f7e8cbe659ad4b445abf1de.jpg
